Plant.ID,ROI.ID,SingleorCluster,Area,Color,Red.Pixel.Count,Green.Pixel.Count,circularity,ROI.ID.full,Planting.group,Species,Domestication,Accession,Rhizobia,N.treatment,Shade,Block,Position,random,Nodule.notes,Shoot.weight,Date,Roots.,Flowers,Pods,Stems,Notes,Percent.Green,Percent.Red,Nod.Strain,Nod.Strain.L,Percent.FixPlus,Percent.FixMinus,Rhizobia.L,Rhizobia.combined
PS001,1,Single,3102,Red,3102,0,0.789462816,PS001_Red_1,G7,elat,Wild,E1,Fix+,HN,50%,B1,P1,0.125250308,,0.4595,1/27/2023,n,0.0,0,1.0,,0.0,100.0,Fix+,FixPlus,100.0,0.0,FixPlus,Fix+
PS001,17,Single,1778,Green,0,1778,0.799263655,PS001_Green_17,G7,elat,Wild,E1,Fix+,HN,50%,B1,P1,0.125250308,,0.4595,1/27/2023,n,0.0,0,1.0,,100.0,0.0,Fix+,FixPlus,100.0,0.0,FixPlus,Fix+
PS003,1,Single,2448,Red,2448,0,0.796286665,PS003_Red_1,G20,elat,Wild,E1,Mix2,LN,50%,B1,P3,0.842702493,,0.5488,1/27/2023,n,0.0,0,1.0,,0.0,100.0,Fix+,FixPlus,100.0,0.0,MixTwo,Mixed
PS003,26,Single,5651,Green,0,5651,0.627388532,PS003_Green_26,G20,elat,Wild,E1,Mix2,LN,50%,B1,P3,0.842702493,,0.5488,1/27/2023,n,0.0,0,1.0,,100.0,0.0,Fix-,FixMinus,0.0,100.0,MixTwo,Mixed
PS004,1,Single,408,Red,408,0,0.864472222,PS004_Red_1,G18,sat,Domesticated,S1,Mix1,LN,50%,B1,P4,0.297169556,,0.5888,1/27/2023,n,0.0,0,1.0,,0.0,100.0,Fix-,FixMinus,0.0,100.0,MixOne,Mixed
PS004,60,Single,1081,Green,0,1081,0.824375683,PS004_Green_60,G18,sat,Domesticated,S1,Mix1,LN,50%,B1,P4,0.297169556,,0.5888,1/27/2023,n,0.0,0,1.0,,100.0,0.0,Fix+,FixPlus,100.0,0.0,MixOne,Mixed
PS007,1,Single,5587,Red,5587,0,0.72712321,PS007_Red_1,G11,sat,Domesticated,S1,Fix+,HN,50%,B1,P7,0.748010325,,0.6866,1/27/2023,y,1.0,0,1.0,flower was not listed on envelope,0.0,100.0,Fix+,FixPlus,100.0,0.0,FixPlus,Fix+
PS007,21,Single,2692,Green,0,2692,0.797436128,PS007_Green_21,G11,sat,Domesticated,S1,Fix+,HN,50%,B1,P7,0.748010325,,0.6866,1/27/2023,y,1.0,0,1.0,flower was not listed on envelope,100.0,0.0,Fix+,FixPlus,100.0,0.0,FixPlus,Fix+
PS008,1,Single,4054,Red,4054,0,0.761833941,PS008_Red_1,G19,elat,Wild,E1,Mix2,HN,50%,B1,P8,0.185691336,,0.5128,1/27/2023,n,0.0,0,1.0,,0.0,100.0,Fix+,FixPlus,100.0,0.0,MixTwo,Mixed
PS008,22,Single,989,Green,0,989,0.898046865,PS008_Green_22,G19,elat,Wild,E1,Mix2,HN,50%,B1,P8,0.185691336,,0.5128,1/27/2023,n,0.0,0,1.0,,100.0,0.0,Fix-,FixMinus,0.0,100.0,MixTwo,Mixed
PS012,1,Single,586,Red,586,0,0.890980162,PS012_Red_1,G23,sat,Domesticated,S1,Mix2,HN,50%,B1,P12,0.471260875,,0.6043,2/1/2023,y,1.0,0,1.0,,0.0,100.0,Fix+,FixPlus,100.0,0.0,MixTwo,Mixed
PS012,33,Single,714,Green,0,714,0.895746624,PS012_Green_33,G23,sat,Domesticated,S1,Mix2,HN,50%,B1,P12,0.471260875,,0.6043,2/1/2023,y,1.0,0,1.0,,100.0,0.0,Fix-,FixMinus,0.0,100.0,MixTwo,Mixed
PS013,1,Single,585,Red,585,0,0.88278302,PS013_Red_1,G12,sat,Domesticated,S1,Fix+,LN,50%,B1,P13,0.893170093,,0.3898,2/1/2023,n,0.0,1,1.0,,0.0,100.0,Fix+,FixPlus,100.0,0.0,FixPlus,Fix+
PS013,21,Single,1916,Green,0,1916,0.75849577,PS013_Green_21,G12,sat,Domesticated,S1,Fix+,LN,50%,B1,P13,0.893170093,,0.3898,2/1/2023,n,0.0,1,1.0,,100.0,0.0,Fix+,FixPlus,100.0,0.0,FixPlus,Fix+
PS014,1,Single,802,Red,802,0,0.683862108,PS014_Red_1,G17,sat,Domesticated,S1,Mix1,HN,50%,B1,P14,0.681113382,,0.6192,2/1/2023,y,0.0,1,1.0,,0.0,100.0,Fix-,FixMinus,0.0,100.0,MixOne,Mixed
PS014,23,Single,300,Green,0,300,0.808518127,PS014_Green_23,G17,sat,Domesticated,S1,Mix1,HN,50%,B1,P14,0.681113382,,0.6192,2/1/2023,y,0.0,1,1.0,,100.0,0.0,Fix+,FixPlus,100.0,0.0,MixOne,Mixed
PS015,1,Single,631,Red,631,0,0.659635859,PS015_Red_1,G5,sat,Domesticated,S1,Fix-,HN,50%,B1,P15,0.482216501,,0.445,2/1/2023,y,0.0,1,1.0,,0.0,100.0,Fix-,FixMinus,0.0,100.0,FixMinus,Fix-
PS015,35,Single,1991,Green,0,1991,0.811572635,PS015_Green_35,G5,sat,Domesticated,S1,Fix-,HN,50%,B1,P15,0.482216501,,0.445,2/1/2023,y,0.0,1,1.0,,100.0,0.0,Fix-,FixMinus,0.0,100.0,FixMinus,Fix-
PS016,1,Single,1145,Red,1145,0,0.896166944,PS016_Red_1,G1,elat,Wild,E1,Fix-,HN,50%,B1,P16,0.872831079,,0.3498,2/1/2023,n,0.0,0,1.0,,0.0,100.0,Fix-,FixMinus,0.0,100.0,FixMinus,Fix-
PS016,83,Single,329,Green,0,329,0.880406903,PS016_Green_83,G1,elat,Wild,E1,Fix-,HN,50%,B1,P16,0.872831079,,0.3498,2/1/2023,n,0.0,0,1.0,,100.0,0.0,Fix-,FixMinus,0.0,100.0,FixMinus,Fix-
PS017,1,Single,382,Red,382,0,0.872279108,PS017_Red_1,G8,elat,Wild,E1,Fix+,LN,50%,B1,P17,0.808476261,,0.3919,2/1/2023,y,0.0,0,1.0,,0.0,100.0,Fix+,FixPlus,100.0,0.0,FixPlus,Fix+
PS017,13,Single,1444,Green,0,1444,0.620598171,PS017_Green_13,G8,elat,Wild,E1,Fix+,LN,50%,B1,P17,0.808476261,,0.3919,2/1/2023,y,0.0,0,1.0,,100.0,0.0,Fix+,FixPlus,100.0,0.0,FixPlus,Fix+
PS022,1,Single,2721,Red,2721,0,0.613886541,PS022_Red_1,G24,sat,Domesticated,S1,Mix2,LN,50%,B1,P22,0.564726132,,0.4445,2/1/2023,y,0.0,1,1.0,,0.0,100.0,Fix+,FixPlus,100.0,0.0,MixTwo,Mixed
PS022,7,Single,633,Green,0,633,0.834375415,PS022_Green_7,G24,sat,Domesticated,S1,Mix2,LN,50%,B1,P22,0.564726132,,0.4445,2/1/2023,y,0.0,1,1.0,,100.0,0.0,Fix-,FixMinus,0.0,100.0,MixTwo,Mixed
PS023,1,Single,4155,Red,4155,0,0.681297995,PS023_Red_1,G13,elat,Wild,E1,Mix1,HN,50%,B1,P23,0.233544872,,0.5031,2/1/2023,n,0.0,0,1.0,,0.0,100.0,Fix-,FixMinus,0.0,100.0,MixOne,Mixed
PS023,26,Single,7179,Green,0,7179,0.675286522,PS023_Green_26,G13,elat,Wild,E1,Mix1,HN,50%,B1,P23,0.233544872,,0.5031,2/1/2023,n,0.0,0,1.0,,100.0,0.0,Fix+,FixPlus,100.0,0.0,MixOne,Mixed
PS024,1,Single,1793,Red,1793,0,0.895628852,PS024_Red_1,G2,elat,Wild,E1,Fix-,LN,50%,B1,P24,0.215120574,,0.1644,2/1/2023,n,0.0,0,1.0,,0.0,100.0,Fix-,FixMinus,0.0,100.0,FixMinus,Fix-
PS024,32,Single,2683,Green,0,2683,0.766547279,PS024_Green_32,G2,elat,Wild,E1,Fix-,LN,50%,B1,P24,0.215120574,,0.1644,2/1/2023,n,0.0,0,1.0,,100.0,0.0,Fix-,FixMinus,0.0,100.0,FixMinus,Fix-
PS027,1,Single,2216,Red,2216,0,0.888910165,PS027_Red_1,G14,elat,Wild,E1,Mix1,LN,50%,B1,P27,0.085764964,,0.2997,2/1/2023,y,0.0,0,1.0,,0.0,100.0,Fix-,FixMinus,0.0,100.0,MixOne,Mixed
PS027,50,Single,4680,Green,0,4680,0.716521841,PS027_Green_50,G14,elat,Wild,E1,Mix1,LN,50%,B1,P27,0.085764964,,0.2997,2/1/2023,y,0.0,0,1.0,,100.0,0.0,Fix+,FixPlus,100.0,0.0,MixOne,Mixed
PS029,1,Single,2309,Red,2309,0,0.867821692,PS029_Red_1,G6,sat,Domesticated,S1,Fix-,LN,50%,B1,P29,0.230664145,,0.3941,2/1/2023,n,0.0,1,1.0,,0.0,100.0,Fix-,FixMinus,0.0,100.0,FixMinus,Fix-
PS029,37,Single,2743,Green,0,2743,0.763693258,PS029_Green_37,G6,sat,Domesticated,S1,Fix-,LN,50%,B1,P29,0.230664145,,0.3941,2/1/2023,n,0.0,1,1.0,,100.0,0.0,Fix-,FixMinus,0.0,100.0,FixMinus,Fix-
PS032,1,Single,1289,Red,1289,0,0.742697763,PS032_Red_1,G14,elat,Wild,E1,Mix1,LN,NS,B1,P32,0.212182135,,0.1982,10/28/2022,n,0.0,0,1.0,,0.0,100.0,Fix-,FixMinus,0.0,100.0,MixOne,Mixed
PS032,35,Single,5605,Green,0,5605,0.673361208,PS032_Green_35,G14,elat,Wild,E1,Mix1,LN,NS,B1,P32,0.212182135,,0.1982,10/28/2022,n,0.0,0,1.0,,100.0,0.0,Fix+,FixPlus,100.0,0.0,MixOne,Mixed
PS033,1,Single,3445,Red,3445,0,0.731707837,PS033_Red_1,G17,sat,Domesticated,S1,Mix1,HN,NS,B1,P33,0.471617727,,1.011,10/28/2022,y,1.0,1,1.0,,0.0,100.0,Fix-,FixMinus,0.0,100.0,MixOne,Mixed
PS033,24,Single,6835,Green,0,6835,0.805547995,PS033_Green_24,G17,sat,Domesticated,S1,Mix1,HN,NS,B1,P33,0.471617727,,1.011,10/28/2022,y,1.0,1,1.0,,100.0,0.0,Fix+,FixPlus,100.0,0.0,MixOne,Mixed
PS034,1,Single,3772,Red,3772,0,0.742324224,PS034_Red_1,G7,elat,Wild,E1,Fix+,HN,NS,B1,P34,0.517484841,,0.3575,10/28/2022,n,0.0,0,1.0,,0.0,100.0,Fix+,FixPlus,100.0,0.0,FixPlus,Fix+
PS034,17,Single,2084,Green,0,2084,0.555957642,PS034_Green_17,G7,elat,Wild,E1,Fix+,HN,NS,B1,P34,0.517484841,,0.3575,10/28/2022,n,0.0,0,1.0,,100.0,0.0,Fix+,FixPlus,100.0,0.0,FixPlus,Fix+
PS038,1,Single,3666,Red,3666,0,0.783709489,PS038_Red_1,G19,elat,Wild,E1,Mix2,HN,NS,B1,P38,0.943210659,,0.3861,10/28/2022,n,0.0,0,1.0,,0.0,100.0,Fix+,FixPlus,100.0,0.0,MixTwo,Mixed
PS038,52,Single,1364,Green,0,1364,0.866943408,PS038_Green_52,G19,elat,Wild,E1,Mix2,HN,NS,B1,P38,0.943210659,,0.3861,10/28/2022,n,0.0,0,1.0,,100.0,0.0,Fix-,FixMinus,0.0,100.0,MixTwo,Mixed
PS039,2,Single,1716,Red,1716,0,0.84058891,PS039_Red_2,G24,sat,Domesticated,S1,Mix2,LN,NS,B1,P39,0.487032148,,0.7814,10/28/2022,y,1.0,1,1.0,,0.0,100.0,Fix+,FixPlus,100.0,0.0,MixTwo,Mixed
PS039,29,Single,357,Green,0,357,0.679484674,PS039_Green_29,G24,sat,Domesticated,S1,Mix2,LN,NS,B1,P39,0.487032148,,0.7814,10/28/2022,y,1.0,1,1.0,,100.0,0.0,Fix-,FixMinus,0.0,100.0,MixTwo,Mixed
PS042,1,Single,2971,Red,2971,0,0.736849963,PS042_Red_1,G8,elat,Wild,E1,Fix+,LN,NS,B1,P42,0.896448232,,0.1379,10/28/2022,n,0.0,0,1.0,,0.0,100.0,Fix+,FixPlus,100.0,0.0,FixPlus,Fix+
PS042,14,Single,2278,Green,0,2278,0.508014767,PS042_Green_14,G8,elat,Wild,E1,Fix+,LN,NS,B1,P42,0.896448232,,0.1379,10/28/2022,n,0.0,0,1.0,,100.0,0.0,Fix+,FixPlus,100.0,0.0,FixPlus,Fix+
PS043,1,Single,369,Red,369,0,0.869852148,PS043_Red_1,G18,sat,Domesticated,S1,Mix1,LN,NS,B1,P43,0.050153843,,0.5634,10/28/2022,n,0.0,1,1.0,,0.0,100.0,Fix-,FixMinus,0.0,100.0,MixOne,Mixed
PS043,20,Single,601,Green,0,601,0.636700742,PS043_Green_20,G18,sat,Domesticated,S1,Mix1,LN,NS,B1,P43,0.050153843,,0.5634,10/28/2022,n,0.0,1,1.0,,100.0,0.0,Fix+,FixPlus,100.0,0.0,MixOne,Mixed
PS044,1,Single,1524,Red,1524,0,0.480792398,PS044_Red_1,G6,sat,Domesticated,S1,Fix-,LN,NS,B1,P44,0.85861717,,0.5046,10/28/2022,n,0.0,1,1.0,,0.0,100.0,Fix-,FixMinus,0.0,100.0,FixMinus,Fix-
PS044,62,Single,2381,Green,0,2381,0.868767318,PS044_Green_62,G6,sat,Domesticated,S1,Fix-,LN,NS,B1,P44,0.85861717,,0.5046,10/28/2022,n,0.0,1,1.0,,100.0,0.0,Fix-,FixMinus,0.0,100.0,FixMinus,Fix-
PS045,2,Single,1853,Red,1853,0,0.761622968,PS045_Red_2,G12,sat,Domesticated,S1,Fix+,LN,NS,B1,P45,0.208414293,,1.0239,10/28/2022,y,1.0,1,1.0,,0.0,100.0,Fix+,FixPlus,100.0,0.0,FixPlus,Fix+
PS045,50,Single,585,Green,0,585,0.774952067,PS045_Green_50,G12,sat,Domesticated,S1,Fix+,LN,NS,B1,P45,0.208414293,,1.0239,10/28/2022,y,1.0,1,1.0,,100.0,0.0,Fix+,FixPlus,100.0,0.0,FixPlus,Fix+
PS046,1,Single,1663,Red,1663,0,0.705849158,PS046_Red_1,G20,elat,Wild,E1,Mix2,LN,NS,B1,P46,0.959034216,,0.5272,10/28/2022,y,0.0,0,1.0,,0.0,100.0,Fix+,FixPlus,100.0,0.0,MixTwo,Mixed
PS046,21,Single,1343,Green,0,1343,0.899789156,PS046_Green_21,G20,elat,Wild,E1,Mix2,LN,NS,B1,P46,0.959034216,,0.5272,10/28/2022,y,0.0,0,1.0,,100.0,0.0,Fix-,FixMinus,0.0,100.0,MixTwo,Mixed
PS048,1,Single,1993,Red,1993,0,0.804775755,PS048_Red_1,G5,sat,Domesticated,S1,Fix-,HN,NS,B1,P48,0.239575927,,0.8933,10/28/2022,y,1.0,1,1.0,,0.0,100.0,Fix-,FixMinus,0.0,100.0,FixMinus,Fix-
PS048,70,Single,3195,Green,0,3195,0.61028352,PS048_Green_70,G5,sat,Domesticated,S1,Fix-,HN,NS,B1,P48,0.239575927,,0.8933,10/28/2022,y,1.0,1,1.0,,100.0,0.0,Fix-,FixMinus,0.0,100.0,FixMinus,Fix-
PS049,1,Single,2810,Red,2810,0,0.880069037,PS049_Red_1,G2,elat,Wild,E1,Fix-,LN,NS,B1,P49,0.951588097,,0.2507,10/28/2022,n,0.0,0,1.0,,0.0,100.0,Fix-,FixMinus,0.0,100.0,FixMinus,Fix-
PS049,65,Single,3410,Green,0,3410,0.779580252,PS049_Green_65,G2,elat,Wild,E1,Fix-,LN,NS,B1,P49,0.951588097,,0.2507,10/28/2022,n,0.0,0,1.0,,100.0,0.0,Fix-,FixMinus,0.0,100.0,FixMinus,Fix-
PS055,1,Single,997,Red,997,0,0.846749565,PS055_Red_1,G13,elat,Wild,E1,Mix1,HN,NS,B1,P55,0.696413033,,0.436,10/28/2022,n,,0,1.0,,0.0,100.0,Fix-,FixMinus,0.0,100.0,MixOne,Mixed
PS055,22,Single,978,Green,0,978,0.714015761,PS055_Green_22,G13,elat,Wild,E1,Mix1,HN,NS,B1,P55,0.696413033,,0.436,10/28/2022,n,,0,1.0,,100.0,0.0,Fix+,FixPlus,100.0,0.0,MixOne,Mixed
PS056,1,Single,921,Red,921,0,0.837731283,PS056_Red_1,G23,sat,Domesticated,S1,Mix2,HN,NS,B1,P56,0.579176476,,0.8204,10/28/2022,n,1.0,1,1.0,,0.0,100.0,Fix+,FixPlus,100.0,0.0,MixTwo,Mixed
PS056,16,Single,544,Green,0,544,0.892930641,PS056_Green_16,G23,sat,Domesticated,S1,Mix2,HN,NS,B1,P56,0.579176476,,0.8204,10/28/2022,n,1.0,1,1.0,,100.0,0.0,Fix-,FixMinus,0.0,100.0,MixTwo,Mixed
PS057,1,Single,1199,Red,1199,0,0.897898531,PS057_Red_1,G1,elat,Wild,E1,Fix-,HN,NS,B1,P57,0.683596175,,0.3096,10/28/2022,n,0.0,0,1.0,,0.0,100.0,Fix-,FixMinus,0.0,100.0,FixMinus,Fix-
PS057,76,Single,774,Green,0,774,0.893648086,PS057_Green_76,G1,elat,Wild,E1,Fix-,HN,NS,B1,P57,0.683596175,,0.3096,10/28/2022,n,0.0,0,1.0,,100.0,0.0,Fix-,FixMinus,0.0,100.0,FixMinus,Fix-
PS059,2,Single,2531,Red,2531,0,0.743026583,PS059_Red_2,G11,sat,Domesticated,S1,Fix+,HN,NS,B1,P59,0.065581073,,0.7842,10/28/2022,y,1.0,1,1.0,,0.0,100.0,Fix+,FixPlus,100.0,0.0,FixPlus,Fix+
PS059,28,Single,667,Green,0,667,0.76801345,PS059_Green_28,G11,sat,Domesticated,S1,Fix+,HN,NS,B1,P59,0.065581073,,0.7842,10/28/2022,y,1.0,1,1.0,,100.0,0.0,Fix+,FixPlus,100.0,0.0,FixPlus,Fix+
PS062,1,Single,2682,Red,2682,0,0.757771661,PS062_Red_1,G6,sat,Domesticated,S2,Fix-,LN,50%,B2,P2,0.752469138,,0.5016,12/16/2022,n,1.0,1,1.0,,0.0,100.0,Fix-,FixMinus,0.0,100.0,FixMinus,Fix-
PS062,44,Single,1273,Green,0,1273,0.598560128,PS062_Green_44,G6,sat,Domesticated,S2,Fix-,LN,50%,B2,P2,0.752469138,,0.5016,12/16/2022,n,1.0,1,1.0,,100.0,0.0,Fix-,FixMinus,0.0,100.0,FixMinus,Fix-
PS065,1,Single,1857,Red,1857,0,0.882523632,PS065_Red_1,G17,sat,Domesticated,S2,Mix1,HN,50%,B2,P5,0.97223719,,0.6269,12/16/2022,y,1.0,1,1.0,,0.0,100.0,Fix-,FixMinus,0.0,100.0,MixOne,Mixed
PS065,35,Single,1333,Green,0,1333,0.893089311,PS065_Green_35,G17,sat,Domesticated,S2,Mix1,HN,50%,B2,P5,0.97223719,,0.6269,12/16/2022,y,1.0,1,1.0,,100.0,0.0,Fix+,FixPlus,100.0,0.0,MixOne,Mixed
PS067,1,Single,766,Red,766,0,0.890258205,PS067_Red_1,G11,sat,Domesticated,S2,Fix+,HN,50%,B2,P7,0.433676411,,0.6958,12/16/2022,y,0.0,1,1.0,,0.0,100.0,Fix+,FixPlus,100.0,0.0,FixPlus,Fix+
PS067,16,Single,381,Green,0,381,0.904139472,PS067_Green_16,G11,sat,Domesticated,S2,Fix+,HN,50%,B2,P7,0.433676411,,0.6958,12/16/2022,y,0.0,1,1.0,,100.0,0.0,Fix+,FixPlus,100.0,0.0,FixPlus,Fix+
PS068,1,Single,24264,Green,0,24264,0.333632494,PS068_Green_1,G1,elat,Wild,E2,Fix-,HN,50%,B2,P8,0.789096035,,0.4581,12/16/2022,y,0.0,1,1.0,,100.0,0.0,Fix-,FixMinus,0.0,100.0,FixMinus,Fix-
PS074,1,Single,1792,Red,1792,0,0.559882525,PS074_Red_1,G24,sat,Domesticated,S2,Mix2,LN,50%,B2,P14,0.258179228,,0.5367,1/27/2023,n,1.0,1,1.0,,0.0,100.0,Fix+,FixPlus,100.0,0.0,MixTwo,Mixed
PS075,1,Single,5209,Red,5209,0,0.653316068,PS075_Red_1,G22,ful,Wild,F2,Mix2,LN,50%,B2,P15,0.691038264,,0.1888,1/27/2023,n,1.0,0,1.0,,0.0,100.0,Fix+,FixPlus,100.0,0.0,MixTwo,Mixed
PS078,1,Single,1395,Red,1395,0,0.847962342,PS078_Red_1,G18,sat,Domesticated,S2,Mix1,LN,50%,B2,P18,0.279713656,,0.5064,1/27/2023,y,1.0,1,1.0,,0.0,100.0,Fix-,FixMinus,0.0,100.0,MixOne,Mixed
PS078,4,Single,777,Green,0,777,0.469675766,PS078_Green_4,G18,sat,Domesticated,S2,Mix1,LN,50%,B2,P18,0.279713656,,0.5064,1/27/2023,y,1.0,1,1.0,,100.0,0.0,Fix+,FixPlus,100.0,0.0,MixOne,Mixed
PS079,1,Single,360,Red,360,0,0.8070418,PS079_Red_1,G5,sat,Domesticated,S2,Fix-,HN,50%,B2,P19,0.09855274,,0.7213,1/27/2023,y,0.0,1,1.0,,0.0,100.0,Fix-,FixMinus,0.0,100.0,FixMinus,Fix-
PS079,15,Single,512,Green,0,512,0.885200802,PS079_Green_15,G5,sat,Domesticated,S2,Fix-,HN,50%,B2,P19,0.09855274,,0.7213,1/27/2023,y,0.0,1,1.0,,100.0,0.0,Fix-,FixMinus,0.0,100.0,FixMinus,Fix-
PS082,1,Single,342,Red,342,0,0.915195018,PS082_Red_1,G12,sat,Domesticated,S2,Fix+,LN,50%,B2,P22,0.395278795,,0.6933,1/27/2023,n,0.0,2,1.0,,0.0,100.0,Fix+,FixPlus,100.0,0.0,FixPlus,Fix+
PS082,14,Single,1146,Green,0,1146,0.880590381,PS082_Green_14,G12,sat,Domesticated,S2,Fix+,LN,50%,B2,P22,0.395278795,,0.6933,1/27/2023,n,0.0,2,1.0,,100.0,0.0,Fix+,FixPlus,100.0,0.0,FixPlus,Fix+
PS084,1,Single,1342,Red,1342,0,0.872160689,PS084_Red_1,G9,ful,Wild,F2,Fix+,HN,50%,B2,P24,0.122051675,,0.2966,1/27/2023,n,0.0,1,1.0,,0.0,100.0,Fix+,FixPlus,100.0,0.0,FixPlus,Fix+
PS085,1,Single,329,Red,329,0,0.440203452,PS085_Red_1,G10,ful,Wild,F2,Fix+,LN,50%,B2,P25,0.194579563,,0.1506,1/27/2023,n,0.0,0,1.0,,0.0,100.0,Fix+,FixPlus,100.0,0.0,FixPlus,Fix+
PS085,3,Single,8112,Green,0,8112,0.660146151,PS085_Green_3,G10,ful,Wild,F2,Fix+,LN,50%,B2,P25,0.194579563,,0.1506,1/27/2023,n,0.0,0,1.0,,100.0,0.0,Fix+,FixPlus,100.0,0.0,FixPlus,Fix+
PS087,1,Single,5071,Red,5071,0,0.505019106,PS087_Red_1,G7,elat,Wild,E2,Fix+,HN,50%,B2,P27,0.86175145,,0.4199,1/27/2023,n,0.0,1,1.0,,0.0,100.0,Fix+,FixPlus,100.0,0.0,FixPlus,Fix+
PS088,1,Single,8032,Red,8032,0,0.410246793,PS088_Red_1,G15,ful,Wild,F2,Mix1,HN,50%,B2,P28,0.825906055,No mixed nods,0.3377,1/27/2023,n,1.0,1,1.0,,0.0,100.0,Fix-,FixMinus,0.0,100.0,MixOne,Mixed
PS089,1,Single,1111,Red,1111,0,0.877651926,PS089_Red_1,G23,sat,Domesticated,S2,Mix2,HN,50%,B2,P29,0.417548775,,0.5192,1/17/2023,n,2.0,0,1.0,,0.0,100.0,Fix+,FixPlus,100.0,0.0,MixTwo,Mixed
PS089,22,Single,1049,Green,0,1049,0.920948559,PS089_Green_22,G23,sat,Domesticated,S2,Mix2,HN,50%,B2,P29,0.417548775,,0.5192,1/17/2023,n,2.0,0,1.0,,100.0,0.0,Fix-,FixMinus,0.0,100.0,MixTwo,Mixed
PS090,1,Single,5791,Red,5791,0,0.676875339,PS090_Red_1,G2,elat,Wild,E2,Fix-,LN,50%,B2,P30,0.503689177,,0.2438,1/13/2023,y,0.0,1,1.0,,0.0,100.0,Fix-,FixMinus,0.0,100.0,FixMinus,Fix-
PS093,1,Single,5673,Red,5673,0,0.805125079,PS093_Red_1,G10,ful,Wild,F2,Fix+,LN,NS,B2,P33,0.235020852,,0.1481,1/9/2023,n,0.0,0,1.0,,0.0,100.0,Fix+,FixPlus,100.0,0.0,FixPlus,Fix+
PS093,3,Single,4037,Green,0,4037,0.750989512,PS093_Green_3,G10,ful,Wild,F2,Fix+,LN,NS,B2,P33,0.235020852,,0.1481,1/9/2023,n,0.0,0,1.0,,100.0,0.0,Fix+,FixPlus,100.0,0.0,FixPlus,Fix+
PS094,1,Single,2428,Red,2428,0,0.820009923,PS094_Red_1,G11,sat,Domesticated,S2,Fix+,HN,NS,B2,P34,0.107107189,,1.045,1/9/2023,y,1.0,1,1.0,,0.0,100.0,Fix+,FixPlus,100.0,0.0,FixPlus,Fix+
PS094,48,Single,1272,Green,0,1272,0.770592729,PS094_Green_48,G11,sat,Domesticated,S2,Fix+,HN,NS,B2,P34,0.107107189,,1.045,1/9/2023,y,1.0,1,1.0,,100.0,0.0,Fix+,FixPlus,100.0,0.0,FixPlus,Fix+
PS098,1,Single,7276,Red,7276,0,0.724854536,PS098_Red_1,G7,elat,Wild,E2,Fix+,HN,NS,B2,P38,0.049057389,,0.4446,1/9/2023,n,0.0,1,1.0,,0.0,100.0,Fix+,FixPlus,100.0,0.0,FixPlus,Fix+
PS099,1,Single,1438,Red,1438,0,0.708697584,PS099_Red_1,G18,sat,Domesticated,S2,Mix1,LN,NS,B2,P39,0.269037724,,0.7688,1/9/2023,n,1.0,1,1.0,,0.0,100.0,Fix-,FixMinus,0.0,100.0,MixOne,Mixed
PS099,45,Single,655,Green,0,655,0.701433555,PS099_Green_45,G18,sat,Domesticated,S2,Mix1,LN,NS,B2,P39,0.269037724,,0.7688,1/9/2023,n,1.0,1,1.0,,100.0,0.0,Fix+,FixPlus,100.0,0.0,MixOne,Mixed
PS100,1,Single,984,Red,984,0,0.336048453,PS100_Red_1,G6,sat,Domesticated,S2,Fix-,LN,NS,B2,P40,0.826803871,,0.5119,1/9/2023,n,0.0,1,1.0,,0.0,100.0,Fix-,FixMinus,0.0,100.0,FixMinus,Fix-
PS100,47,Single,1120,Green,0,1120,0.912025753,PS100_Green_47,G6,sat,Domesticated,S2,Fix-,LN,NS,B2,P40,0.826803871,,0.5119,1/9/2023,n,0.0,1,1.0,,100.0,0.0,Fix-,FixMinus,0.0,100.0,FixMinus,Fix-
PS101,2,Single,5287,Red,5287,0,0.696647441,PS101_Red_2,G24,sat,Domesticated,S2,Mix2,LN,NS,B2,P41,0.24407667,,0.6026,1/9/2023,n,1.0,0,1.0,dropped sample onto table,0.0,100.0,Fix+,FixPlus,100.0,0.0,MixTwo,Mixed
PS101,17,Single,949,Green,0,949,0.870371908,PS101_Green_17,G24,sat,Domesticated,S2,Mix2,LN,NS,B2,P41,0.24407667,,0.6026,1/9/2023,n,1.0,0,1.0,dropped sample onto table,100.0,0.0,Fix-,FixMinus,0.0,100.0,MixTwo,Mixed
PS102,1,Single,20244,Red,20244,0,0.540516552,PS102_Red_1,G1,elat,Wild,E2,Fix-,HN,NS,B2,P42,0.509430292,,0.4457,1/9/2023,n,1.0,1,1.0,,0.0,100.0,Fix-,FixMinus,0.0,100.0,FixMinus,Fix-
PS103,1,Single,620,Red,620,0,0.829562736,PS103_Red_1,G5,sat,Domesticated,S2,Fix-,HN,NS,B2,P43,0.690599081,,1.1602,1/9/2023,y,1.0,1,1.0,,0.0,100.0,Fix-,FixMinus,0.0,100.0,FixMinus,Fix-
PS103,67,Single,448,Green,0,448,0.862963691,PS103_Green_67,G5,sat,Domesticated,S2,Fix-,HN,NS,B2,P43,0.690599081,,1.1602,1/9/2023,y,1.0,1,1.0,,100.0,0.0,Fix-,FixMinus,0.0,100.0,FixMinus,Fix-
PS105,1,Single,13507,Red,13507,0,0.595648461,PS105_Red_1,G19,elat,Wild,E2,Mix2,HN,NS,B2,P45,0.230614927,No sure green nods,0.4653,1/9/2023,n,0.0,2,1.0,,0.0,100.0,Fix+,FixPlus,100.0,0.0,MixTwo,Mixed
PS106,1,Single,3850,Red,3850,0,0.692853338,PS106_Red_1,G12,sat,Domesticated,S2,Fix+,LN,NS,B2,P46,0.83458873,,1.0963,1/9/2023,y,0.0,2,1.0,,0.0,100.0,Fix+,FixPlus,100.0,0.0,FixPlus,Fix+
PS106,36,Single,1100,Green,0,1100,0.739601314,PS106_Green_36,G12,sat,Domesticated,S2,Fix+,LN,NS,B2,P46,0.83458873,,1.0963,1/9/2023,y,0.0,2,1.0,,100.0,0.0,Fix+,FixPlus,100.0,0.0,FixPlus,Fix+
PS109,5,Single,2771,Green,0,2771,0.877210517,PS109_Green_5,G16,ful,Wild,F2,Mix1,LN,NS,B2,P49,0.61923473,,0.202,1/9/2023,n,0.0,0,1.0,,100.0,0.0,Fix+,FixPlus,100.0,0.0,MixOne,Mixed
PS111,1,Single,1022,Red,1022,0,0.895738859,PS111_Red_1,G17,sat,Domesticated,S2,Mix1,HN,NS,B2,P51,0.725290978,,0.9663,1/9/2023,n,1.0,1,1.0,,0.0,100.0,Fix-,FixMinus,0.0,100.0,MixOne,Mixed
PS111,30,Single,435,Green,0,435,0.766906658,PS111_Green_30,G17,sat,Domesticated,S2,Mix1,HN,NS,B2,P51,0.725290978,,0.9663,1/9/2023,n,1.0,1,1.0,,100.0,0.0,Fix+,FixPlus,100.0,0.0,MixOne,Mixed
PS115,1,Single,3439,Red,3439,0,0.749600821,PS115_Red_1,G9,ful,Wild,F2,Fix+,HN,NS,B2,P55,0.111233352,,0.3676,1/9/2023,n,1.0,0,1.0,,0.0,100.0,Fix+,FixPlus,100.0,0.0,FixPlus,Fix+
PS116,1,Single,4080,Red,4080,0,0.874687682,PS116_Red_1,G20,elat,Wild,E2,Mix2,LN,NS,B2,P56,0.580872604,No mixed nods,0.3246,1/9/2023,y,0.0,1,1.0,,0.0,100.0,Fix+,FixPlus,100.0,0.0,MixTwo,Mixed
PS119,1,Single,22158,Red,22158,0,0.507845091,PS119_Red_1,G13,elat,Wild,E2,Mix1,HN,NS,B2,P59,0.013149782,,0.2764,1/9/2023,y,0.0,1,1.0,,0.0,100.0,Fix-,FixMinus,0.0,100.0,MixOne,Mixed
PS122,1,Single,2935,Red,2935,0,0.866528921,PS122_Red_1,G10,ful,Wild,F3,Fix+,LN,50%,B3,P2,0.71408703,,0.2694,2/1/2023,y,0.0,0,1.0,,0.0,100.0,Fix+,FixPlus,100.0,0.0,FixPlus,Fix+
PS122,16,Single,2095,Green,0,2095,0.723526239,PS122_Green_16,G10,ful,Wild,F3,Fix+,LN,50%,B3,P2,0.71408703,,0.2694,2/1/2023,y,0.0,0,1.0,,100.0,0.0,Fix+,FixPlus,100.0,0.0,FixPlus,Fix+
PS124,1,Single,2438,Red,2438,0,0.794995477,PS124_Red_1,G15,ful,Wild,F3,Mix1,HN,50%,B3,P4,0.467353591,,0.2749,2/1/2023,n,1.0,0,1.0,,0.0,100.0,Fix-,FixMinus,0.0,100.0,MixOne,Mixed
PS124,7,Single,392,Green,0,392,0.647018857,PS124_Green_7,G15,ful,Wild,F3,Mix1,HN,50%,B3,P4,0.467353591,,0.2749,2/1/2023,n,1.0,0,1.0,,100.0,0.0,Fix+,FixPlus,100.0,0.0,MixOne,Mixed
PS125,1,Single,801,Red,801,0,0.626925521,PS125_Red_1,G2,elat,Wild,E3,Fix-,LN,50%,B3,P5,0.27519491,,0.1614,2/1/2023,n,0.0,0,1.0,,0.0,100.0,Fix-,FixMinus,0.0,100.0,FixMinus,Fix-
PS125,17,Single,2886,Green,0,2886,0.645469085,PS125_Green_17,G2,elat,Wild,E3,Fix-,LN,50%,B3,P5,0.27519491,,0.1614,2/1/2023,n,0.0,0,1.0,,100.0,0.0,Fix-,FixMinus,0.0,100.0,FixMinus,Fix-
PS126,1,Single,446,Red,446,0,0.724704042,PS126_Red_1,G13,elat,Wild,E3,Mix1,HN,50%,B3,P6,0.041896574,,0.6261,2/1/2023,y,0.0,0,1.0,,0.0,100.0,Fix-,FixMinus,0.0,100.0,MixOne,Mixed
PS126,46,Single,907,Green,0,907,0.659737698,PS126_Green_46,G13,elat,Wild,E3,Mix1,HN,50%,B3,P6,0.041896574,,0.6261,2/1/2023,y,0.0,0,1.0,,100.0,0.0,Fix+,FixPlus,100.0,0.0,MixOne,Mixed
PS129,1,Single,1245,Red,1245,0,0.651594561,PS129_Red_1,G11,sat,Domesticated,S3,Fix+,HN,50%,B3,P9,0.782191421,,0.8817,2/1/2023,n,0.0,1,1.0,,0.0,100.0,Fix+,FixPlus,100.0,0.0,FixPlus,Fix+
PS129,18,Single,669,Green,0,669,0.593129171,PS129_Green_18,G11,sat,Domesticated,S3,Fix+,HN,50%,B3,P9,0.782191421,,0.8817,2/1/2023,n,0.0,1,1.0,,100.0,0.0,Fix+,FixPlus,100.0,0.0,FixPlus,Fix+
PS130,1,Single,375,Red,375,0,0.875745016,PS130_Red_1,G18,sat,Domesticated,S3,Mix1,LN,50%,B3,P10,0.482194932,,0.9481,2/1/2023,n,0.0,1,1.0,,0.0,100.0,Fix-,FixMinus,0.0,100.0,MixOne,Mixed
PS130,62,Single,1130,Green,0,1130,0.573615042,PS130_Green_62,G18,sat,Domesticated,S3,Mix1,LN,50%,B3,P10,0.482194932,,0.9481,2/1/2023,n,0.0,1,1.0,,100.0,0.0,Fix+,FixPlus,100.0,0.0,MixOne,Mixed
PS131,1,Single,335,Red,335,0,0.846340131,PS131_Red_1,G7,elat,Wild,E3,Fix+,HN,50%,B3,P11,0.561883848,,0.2279,2/1/2023,n,0.0,0,1.0,,0.0,100.0,Fix+,FixPlus,100.0,0.0,FixPlus,Fix+
PS131,8,Single,5966,Green,0,5966,0.418233046,PS131_Green_8,G7,elat,Wild,E3,Fix+,HN,50%,B3,P11,0.561883848,,0.2279,2/1/2023,n,0.0,0,1.0,,100.0,0.0,Fix+,FixPlus,100.0,0.0,FixPlus,Fix+
PS132,1,Single,932,Red,932,0,0.863400432,PS132_Red_1,G8,elat,Wild,E3,Fix+,LN,50%,B3,P12,0.364479882,,0.2495,2/1/2023,n,0.0,0,1.0,,0.0,100.0,Fix+,FixPlus,100.0,0.0,FixPlus,Fix+
PS132,37,Single,2806,Green,0,2806,0.781233424,PS132_Green_37,G8,elat,Wild,E3,Fix+,LN,50%,B3,P12,0.364479882,,0.2495,2/1/2023,n,0.0,0,1.0,,100.0,0.0,Fix+,FixPlus,100.0,0.0,FixPlus,Fix+
PS134,1,Single,2062,Red,2062,0,0.823551129,PS134_Red_1,G6,sat,Domesticated,S3,Fix-,LN,50%,B3,P14,0.392307514,,0.6813,2/1/2023,y,0.0,1,1.0,,0.0,100.0,Fix-,FixMinus,0.0,100.0,FixMinus,Fix-
PS134,38,Single,2359,Green,0,2359,0.855331829,PS134_Green_38,G6,sat,Domesticated,S3,Fix-,LN,50%,B3,P14,0.392307514,,0.6813,2/1/2023,y,0.0,1,1.0,,100.0,0.0,Fix-,FixMinus,0.0,100.0,FixMinus,Fix-
PS135,1,Single,1361,Red,1361,0,0.838089484,PS135_Red_1,G17,sat,Domesticated,S3,Mix1,HN,50%,B3,P15,0.960440407,,0.693,2/3/2023,y,0.0,0,1.0,,0.0,100.0,Fix-,FixMinus,0.0,100.0,MixOne,Mixed
PS135,13,Single,6182,Green,0,6182,0.703206722,PS135_Green_13,G17,sat,Domesticated,S3,Mix1,HN,50%,B3,P15,0.960440407,,0.693,2/3/2023,y,0.0,0,1.0,,100.0,0.0,Fix+,FixPlus,100.0,0.0,MixOne,Mixed
PS136,1,Single,3402,Red,3402,0,0.772283983,PS136_Red_1,G9,ful,Wild,F3,Fix+,HN,50%,B3,P16,0.647717235,,0.166,2/3/2023,n,1.0,0,3.0,,0.0,100.0,Fix+,FixPlus,100.0,0.0,FixPlus,Fix+
PS136,5,Single,944,Green,0,944,0.708034212,PS136_Green_5,G9,ful,Wild,F3,Fix+,HN,50%,B3,P16,0.647717235,,0.166,2/3/2023,n,1.0,0,3.0,,100.0,0.0,Fix+,FixPlus,100.0,0.0,FixPlus,Fix+
PS137,1,Single,2709,Red,2709,0,0.703573836,PS137_Red_1,G16,ful,Wild,F3,Mix1,LN,50%,B3,P17,0.944037231,,0.1803,2/3/2023,n,0.0,0,1.0,,0.0,100.0,Fix-,FixMinus,0.0,100.0,MixOne,Mixed
PS137,2,Single,1547,Green,0,1547,0.356400981,PS137_Green_2,G16,ful,Wild,F3,Mix1,LN,50%,B3,P17,0.944037231,,0.1803,2/3/2023,n,0.0,0,1.0,,100.0,0.0,Fix+,FixPlus,100.0,0.0,MixOne,Mixed
PS138,1,Single,4407,Red,4407,0,0.780876481,PS138_Red_1,G22,ful,Wild,F3,Mix2,LN,50%,B3,P18,0.003074576,,0.1673,2/3/2023,n,0.0,0,1.0,,0.0,100.0,Fix+,FixPlus,100.0,0.0,MixTwo,Mixed
PS138,13,Single,1974,Green,0,1974,0.594854647,PS138_Green_13,G22,ful,Wild,F3,Mix2,LN,50%,B3,P18,0.003074576,,0.1673,2/3/2023,n,0.0,0,1.0,,100.0,0.0,Fix-,FixMinus,0.0,100.0,MixTwo,Mixed
PS139,1,Single,813,Red,813,0,0.899585315,PS139_Red_1,G14,elat,Wild,E3,Mix1,LN,50%,B3,P19,0.035410254,,0.451,2/3/2023,y,0.0,0,1.0,,0.0,100.0,Fix-,FixMinus,0.0,100.0,MixOne,Mixed
PS139,59,Single,4341,Green,0,4341,0.596799451,PS139_Green_59,G14,elat,Wild,E3,Mix1,LN,50%,B3,P19,0.035410254,,0.451,2/3/2023,y,0.0,0,1.0,,100.0,0.0,Fix+,FixPlus,100.0,0.0,MixOne,Mixed
PS140,1,Single,998,Red,998,0,0.86910928,PS140_Red_1,G1,elat,Wild,E3,Fix-,HN,50%,B3,P20,0.163323906,,0.3564,2/3/2023,n,0.0,0,1.0,,0.0,100.0,Fix-,FixMinus,0.0,100.0,FixMinus,Fix-
PS140,39,Single,1752,Green,0,1752,0.661257124,PS140_Green_39,G1,elat,Wild,E3,Fix-,HN,50%,B3,P20,0.163323906,,0.3564,2/3/2023,n,0.0,0,1.0,,100.0,0.0,Fix-,FixMinus,0.0,100.0,FixMinus,Fix-
PS141,1,Single,22,Red,22,0,0.410061134,PS141_Red_1,G4,ful,Wild,F3,Fix-,LN,50%,B3,P21,0.5803684,,0.1266,2/3/2023,n,0.0,0,1.0,,0.0,100.0,Fix-,FixMinus,0.0,100.0,FixMinus,Fix-
PS141,3,Single,2156,Green,0,2156,0.690619256,PS141_Green_3,G4,ful,Wild,F3,Fix-,LN,50%,B3,P21,0.5803684,,0.1266,2/3/2023,n,0.0,0,1.0,,100.0,0.0,Fix-,FixMinus,0.0,100.0,FixMinus,Fix-
PS143,1,Single,754,Red,754,0,0.904919711,PS143_Red_1,G19,elat,Wild,E3,Mix2,HN,50%,B3,P23,0.519712988,,0.5067,2/3/2023,n,0.0,0,1.0,,0.0,100.0,Fix+,FixPlus,100.0,0.0,MixTwo,Mixed
PS145,1,Single,1704,Red,1704,0,0.610792041,PS145_Red_1,G24,sat,Domesticated,S3,Mix2,LN,50%,B3,P25,0.428268595,,0.5084,2/3/2023,y,0.0,0,1.0,,0.0,100.0,Fix+,FixPlus,100.0,0.0,MixTwo,Mixed
PS145,17,Single,456,Green,0,456,0.917881193,PS145_Green_17,G24,sat,Domesticated,S3,Mix2,LN,50%,B3,P25,0.428268595,,0.5084,2/3/2023,y,0.0,0,1.0,,100.0,0.0,Fix-,FixMinus,0.0,100.0,MixTwo,Mixed
PS147,1,Single,1055,Red,1055,0,0.830216411,PS147_Red_1,G5,sat,Domesticated,S3,Fix-,HN,50%,B3,P27,0.657116283,,0.8677,2/3/2023,n,1.0,1,1.0,,0.0,100.0,Fix-,FixMinus,0.0,100.0,FixMinus,Fix-
PS147,37,Single,1068,Green,0,1068,0.706964733,PS147_Green_37,G5,sat,Domesticated,S3,Fix-,HN,50%,B3,P27,0.657116283,,0.8677,2/3/2023,n,1.0,1,1.0,,100.0,0.0,Fix-,FixMinus,0.0,100.0,FixMinus,Fix-
PS148,1,Single,2813,Red,2813,0,0.885292959,PS148_Red_1,G3,ful,Wild,F3,Fix-,HN,50%,B3,P28,0.880607009,,0.3679,2/3/2023,n,1.0,1,1.0,,0.0,100.0,Fix-,FixMinus,0.0,100.0,FixMinus,Fix-
PS148,3,Single,1588,Green,0,1588,0.293536073,PS148_Green_3,G3,ful,Wild,F3,Fix-,HN,50%,B3,P28,0.880607009,,0.3679,2/3/2023,n,1.0,1,1.0,,100.0,0.0,Fix-,FixMinus,0.0,100.0,FixMinus,Fix-
PS149,1,Single,2230,Red,2230,0,0.830586978,PS149_Red_1,G23,sat,Domesticated,S3,Mix2,HN,50%,B3,P29,0.437269223,,0.9481,2/3/2023,y,0.0,1,1.0,,0.0,100.0,Fix+,FixPlus,100.0,0.0,MixTwo,Mixed
PS149,16,Single,491,Green,0,491,0.908152158,PS149_Green_16,G23,sat,Domesticated,S3,Mix2,HN,50%,B3,P29,0.437269223,,0.9481,2/3/2023,y,0.0,1,1.0,,100.0,0.0,Fix-,FixMinus,0.0,100.0,MixTwo,Mixed
PS150,2,Single,4048,Red,4048,0,0.606437673,PS150_Red_2,G20,elat,Wild,E3,Mix2,LN,50%,B3,P30,0.30282151,,0.4146,2/3/2023,y,0.0,0,1.0,,0.0,100.0,Fix+,FixPlus,100.0,0.0,MixTwo,Mixed
PS150,9,Single,1873,Green,0,1873,0.81748535,PS150_Green_9,G20,elat,Wild,E3,Mix2,LN,50%,B3,P30,0.30282151,,0.4146,2/3/2023,y,0.0,0,1.0,,100.0,0.0,Fix-,FixMinus,0.0,100.0,MixTwo,Mixed
PS151,2,Single,1717,Red,1717,0,0.851365559,PS151_Red_2,G24,sat,Domesticated,S3,Mix2,LN,NS,B3,P31,0.131926197,,0.7329,1/17/2023,y,0.0,1,1.0,,0.0,100.0,Fix+,FixPlus,100.0,0.0,MixTwo,Mixed
PS151,11,Single,964,Green,0,964,0.849767837,PS151_Green_11,G24,sat,Domesticated,S3,Mix2,LN,NS,B3,P31,0.131926197,,0.7329,1/17/2023,y,0.0,1,1.0,,100.0,0.0,Fix-,FixMinus,0.0,100.0,MixTwo,Mixed
PS153,1,Single,1336,Red,1336,0,0.890630603,PS153_Red_1,G11,sat,Domesticated,S3,Fix+,HN,NS,B3,P33,0.929980035,,1.112,1/13/2023,n,0.0,1,1.0,,0.0,100.0,Fix+,FixPlus,100.0,0.0,FixPlus,Fix+
PS153,18,Single,537,Green,0,537,0.801799139,PS153_Green_18,G11,sat,Domesticated,S3,Fix+,HN,NS,B3,P33,0.929980035,,1.112,1/13/2023,n,0.0,1,1.0,,100.0,0.0,Fix+,FixPlus,100.0,0.0,FixPlus,Fix+
PS155,1,Single,1725,Red,1725,0,0.902811741,PS155_Red_1,G2,elat,Wild,E3,Fix-,LN,NS,B3,P35,0.558954686,,0.2222,1/13/2023,n,0.0,0,1.0,,0.0,100.0,Fix-,FixMinus,0.0,100.0,FixMinus,Fix-
PS155,9,Single,1047,Green,0,1047,0.867475427,PS155_Green_9,G2,elat,Wild,E3,Fix-,LN,NS,B3,P35,0.558954686,,0.2222,1/13/2023,n,0.0,0,1.0,,100.0,0.0,Fix-,FixMinus,0.0,100.0,FixMinus,Fix-
PS157,2,Single,4767,Red,4767,0,0.700886932,PS157_Red_2,G15,ful,Wild,F3,Mix1,HN,NS,B3,P37,0.472090443,,0.1619,1/13/2023,n,0.0,0,1.0,,0.0,100.0,Fix-,FixMinus,0.0,100.0,MixOne,Mixed
PS157,6,Single,1290,Green,0,1290,0.720237707,PS157_Green_6,G15,ful,Wild,F3,Mix1,HN,NS,B3,P37,0.472090443,,0.1619,1/13/2023,n,0.0,0,1.0,,100.0,0.0,Fix+,FixPlus,100.0,0.0,MixOne,Mixed
PS158,1,Single,886,Red,886,0,0.839620528,PS158_Red_1,G17,sat,Domesticated,S3,Mix1,HN,NS,B3,P38,0.742984071,,0.5371,1/13/2023,n,1.0,0,1.0,,0.0,100.0,Fix-,FixMinus,0.0,100.0,MixOne,Mixed
PS158,13,Single,2862,Green,0,2862,0.682702321,PS158_Green_13,G17,sat,Domesticated,S3,Mix1,HN,NS,B3,P38,0.742984071,,0.5371,1/13/2023,n,1.0,0,1.0,,100.0,0.0,Fix+,FixPlus,100.0,0.0,MixOne,Mixed
PS159,1,Single,871,Red,871,0,0.904854649,PS159_Red_1,G16,ful,Wild,F3,Mix1,LN,NS,B3,P39,0.251377143,,0.1869,1/13/2023,n,0.0,0,1.0,,0.0,100.0,Fix-,FixMinus,0.0,100.0,MixOne,Mixed
PS159,15,Single,430,Green,0,430,0.729190324,PS159_Green_15,G16,ful,Wild,F3,Mix1,LN,NS,B3,P39,0.251377143,,0.1869,1/13/2023,n,0.0,0,1.0,,100.0,0.0,Fix+,FixPlus,100.0,0.0,MixOne,Mixed
PS160,1,Single,1229,Red,1229,0,0.883348324,PS160_Red_1,G12,sat,Domesticated,S3,Fix+,LN,NS,B3,P40,0.905347629,,1.0045,1/13/2023,n,0.0,1,1.0,,0.0,100.0,Fix+,FixPlus,100.0,0.0,FixPlus,Fix+
PS160,31,Single,2451,Green,0,2451,0.661235574,PS160_Green_31,G12,sat,Domesticated,S3,Fix+,LN,NS,B3,P40,0.905347629,,1.0045,1/13/2023,n,0.0,1,1.0,,100.0,0.0,Fix+,FixPlus,100.0,0.0,FixPlus,Fix+
PS161,1,Single,4046,Red,4046,0,0.865662612,PS161_Red_1,G20,elat,Wild,E3,Mix2,LN,NS,B3,P41,0.25997985,,0.4723,1/13/2023,n,0.0,0,1.0,,0.0,100.0,Fix+,FixPlus,100.0,0.0,MixTwo,Mixed
PS161,40,Single,1777,Green,0,1777,0.881116249,PS161_Green_40,G20,elat,Wild,E3,Mix2,LN,NS,B3,P41,0.25997985,,0.4723,1/13/2023,n,0.0,0,1.0,,100.0,0.0,Fix-,FixMinus,0.0,100.0,MixTwo,Mixed
PS162,1,Single,1076,Red,1076,0,0.445237453,PS162_Red_1,G7,elat,Wild,E3,Fix+,HN,NS,B3,P42,0.684726673,,0.3784,1/13/2023,n,0.0,0,1.0,,0.0,100.0,Fix+,FixPlus,100.0,0.0,FixPlus,Fix+
PS162,29,Single,2830,Green,0,2830,0.795920406,PS162_Green_29,G7,elat,Wild,E3,Fix+,HN,NS,B3,P42,0.684726673,,0.3784,1/13/2023,n,0.0,0,1.0,,100.0,0.0,Fix+,FixPlus,100.0,0.0,FixPlus,Fix+
PS163,1,Single,4613,Red,4613,0,0.737330727,PS163_Red_1,G3,ful,Wild,F3,Fix-,HN,NS,B3,P43,0.785504766,,0.3665,1/13/2023,n,1.0,0,1.0,,0.0,100.0,Fix-,FixMinus,0.0,100.0,FixMinus,Fix-
PS164,1,Single,957,Red,957,0,0.763068883,PS164_Red_1,G18,sat,Domesticated,S3,Mix1,LN,NS,B3,P44,0.689491003,,0.5596,1/13/2023,y,0.0,0,1.0,,0.0,100.0,Fix-,FixMinus,0.0,100.0,MixOne,Mixed
PS164,29,Single,582,Green,0,582,0.884898386,PS164_Green_29,G18,sat,Domesticated,S3,Mix1,LN,NS,B3,P44,0.689491003,,0.5596,1/13/2023,y,0.0,0,1.0,,100.0,0.0,Fix+,FixPlus,100.0,0.0,MixOne,Mixed
PS165,1,Single,4282,Red,4282,0,0.879282278,PS165_Red_1,G9,ful,Wild,F3,Fix+,HN,NS,B3,P45,0.85221242,,0.3576,1/13/2023,n,1.0,1,2.0,,0.0,100.0,Fix+,FixPlus,100.0,0.0,FixPlus,Fix+
PS165,8,Single,3333,Green,0,3333,0.476639981,PS165_Green_8,G9,ful,Wild,F3,Fix+,HN,NS,B3,P45,0.85221242,,0.3576,1/13/2023,n,1.0,1,2.0,,100.0,0.0,Fix+,FixPlus,100.0,0.0,FixPlus,Fix+
PS166,1,Single,1505,Red,1505,0,0.7550322,PS166_Red_1,G23,sat,Domesticated,S3,Mix2,HN,NS,B3,P46,0.853103746,,1.3407,1/13/2023,y,1.0,1,1.0,,0.0,100.0,Fix+,FixPlus,100.0,0.0,MixTwo,Mixed
PS166,48,Single,1124,Green,0,1124,0.852603318,PS166_Green_48,G23,sat,Domesticated,S3,Mix2,HN,NS,B3,P46,0.853103746,,1.3407,1/13/2023,y,1.0,1,1.0,,100.0,0.0,Fix-,FixMinus,0.0,100.0,MixTwo,Mixed
PS167,1,Single,1214,Red,1214,0,0.648826266,PS167_Red_1,G13,elat,Wild,E3,Mix1,HN,NS,B3,P47,0.76242542,,0.2702,1/13/2023,n,0.0,0,1.0,,0.0,100.0,Fix-,FixMinus,0.0,100.0,MixOne,Mixed
PS167,27,Single,2083,Green,0,2083,0.471885556,PS167_Green_27,G13,elat,Wild,E3,Mix1,HN,NS,B3,P47,0.76242542,,0.2702,1/13/2023,n,0.0,0,1.0,,100.0,0.0,Fix+,FixPlus,100.0,0.0,MixOne,Mixed
PS168,1,Single,1892,Red,1892,0,0.8075956,PS168_Red_1,G5,sat,Domesticated,S3,Fix-,HN,NS,B3,P48,0.050767279,,1.0187,1/13/2023,n,0.0,1,1.0,,0.0,100.0,Fix-,FixMinus,0.0,100.0,FixMinus,Fix-
PS168,26,Single,725,Green,0,725,0.681294106,PS168_Green_26,G5,sat,Domesticated,S3,Fix-,HN,NS,B3,P48,0.050767279,,1.0187,1/13/2023,n,0.0,1,1.0,,100.0,0.0,Fix-,FixMinus,0.0,100.0,FixMinus,Fix-
PS169,1,Single,2216,Red,2216,0,0.882056619,PS169_Red_1,G10,ful,Wild,F3,Fix+,LN,NS,B3,P49,0.33117468,,0.1703,1/13/2023,n,0.0,0,1.0,,0.0,100.0,Fix+,FixPlus,100.0,0.0,FixPlus,Fix+
PS169,10,Single,2773,Green,0,2773,0.897029069,PS169_Green_10,G10,ful,Wild,F3,Fix+,LN,NS,B3,P49,0.33117468,,0.1703,1/13/2023,n,0.0,0,1.0,,100.0,0.0,Fix+,FixPlus,100.0,0.0,FixPlus,Fix+
PS170,1,Single,1308,Red,1308,0,0.851294367,PS170_Red_1,G19,elat,Wild,E3,Mix2,HN,NS,B3,P50,0.303583325,,0.5988,1/13/2023,y,0.0,0,1.0,,0.0,100.0,Fix+,FixPlus,100.0,0.0,MixTwo,Mixed
PS170,29,Single,903,Green,0,903,0.436480672,PS170_Green_29,G19,elat,Wild,E3,Mix2,HN,NS,B3,P50,0.303583325,,0.5988,1/13/2023,y,0.0,0,1.0,,100.0,0.0,Fix-,FixMinus,0.0,100.0,MixTwo,Mixed
PS172,1,Single,2408,Red,2408,0,0.83337894,PS172_Red_1,G6,sat,Domesticated,S3,Fix-,LN,NS,B3,P52,0.732676491,,0.6974,1/13/2023,y,1.0,0,1.0,,0.0,100.0,Fix-,FixMinus,0.0,100.0,FixMinus,Fix-
PS172,50,Single,1134,Green,0,1134,0.655541998,PS172_Green_50,G6,sat,Domesticated,S3,Fix-,LN,NS,B3,P52,0.732676491,,0.6974,1/13/2023,y,1.0,0,1.0,,100.0,0.0,Fix-,FixMinus,0.0,100.0,FixMinus,Fix-
PS173,1,Single,2622,Red,2622,0,0.806165245,PS173_Red_1,G4,ful,Wild,F3,Fix-,LN,NS,B3,P53,0.447059655,,0.1137,1/13/2023,n,0.0,0,1.0,,0.0,100.0,Fix-,FixMinus,0.0,100.0,FixMinus,Fix-
PS174,1,Single,1746,Red,1746,0,0.904109369,PS174_Red_1,G1,elat,Wild,E3,Fix-,HN,NS,B3,P54,0.853839024,,0.384,1/17/2023,n,0.0,0,1.0,,0.0,100.0,Fix-,FixMinus,0.0,100.0,FixMinus,Fix-
PS174,35,Single,2563,Green,0,2563,0.581823588,PS174_Green_35,G1,elat,Wild,E3,Fix-,HN,NS,B3,P54,0.853839024,,0.384,1/17/2023,n,0.0,0,1.0,,100.0,0.0,Fix-,FixMinus,0.0,100.0,FixMinus,Fix-
PS175,1,Single,2897,Red,2897,0,0.810266623,PS175_Red_1,G21,ful,Wild,F3,Mix2,HN,NS,B3,P55,0.28178105,,0.304,1/17/2023,n,0.0,1,1.0,,0.0,100.0,Fix+,FixPlus,100.0,0.0,MixTwo,Mixed
PS178,1,Single,1666,Red,1666,0,0.869208652,PS178_Red_1,G14,elat,Wild,E3,Mix1,LN,NS,B3,P58,0.294762866,,0.3221,1/20/2023,n,0.0,0,1.0,,0.0,100.0,Fix-,FixMinus,0.0,100.0,MixOne,Mixed
PS178,19,Single,2493,Green,0,2493,0.82597502,PS178_Green_19,G14,elat,Wild,E3,Mix1,LN,NS,B3,P58,0.294762866,,0.3221,1/20/2023,n,0.0,0,1.0,,100.0,0.0,Fix+,FixPlus,100.0,0.0,MixOne,Mixed
PS179,1,Single,2141,Red,2141,0,0.874130401,PS179_Red_1,G22,ful,Wild,F3,Mix2,LN,NS,B3,P59,0.441754385,,0.2007,1/20/2023,n,0.0,0,1.0,,0.0,100.0,Fix+,FixPlus,100.0,0.0,MixTwo,Mixed
PS180,1,Single,1478,Red,1478,0,0.74931057,PS180_Red_1,G8,elat,Wild,E3,Fix+,LN,NS,B3,P60,0.963499673,,0.334,1/27/2023,n,0.0,0,1.0,,0.0,100.0,Fix+,FixPlus,100.0,0.0,FixPlus,Fix+
PS180,29,Single,2376,Green,0,2376,0.651316289,PS180_Green_29,G8,elat,Wild,E3,Fix+,LN,NS,B3,P60,0.963499673,,0.334,1/27/2023,n,0.0,0,1.0,,100.0,0.0,Fix+,FixPlus,100.0,0.0,FixPlus,Fix+
PS181,1_1,Cluster,7405,Red,7405,0,0.26853578,PS181_Red_1_1,G20,elat,Wild,E4,Mix2,LN,50%,B4,P1,0.499997097,,0.1613,3/3/2023,n,0.0,0,1.0,,0.0,100.0,Fix+,FixPlus,100.0,0.0,MixTwo,Mixed
PS183,1,Single,3510,Red,3510,0,0.850557499,PS183_Red_1,G1,elat,Wild,E4,Fix-,HN,50%,B4,P3,0.596822946,,0.5943,3/3/2023,n,0.0,1,1.0,,0.0,100.0,Fix-,FixMinus,0.0,100.0,FixMinus,Fix-
PS183,9,Single,474,Green,0,474,0.726161882,PS183_Green_9,G1,elat,Wild,E4,Fix-,HN,50%,B4,P3,0.596822946,,0.5943,3/3/2023,n,0.0,1,1.0,,100.0,0.0,Fix-,FixMinus,0.0,100.0,FixMinus,Fix-
PS185,1,Single,5597,Red,5597,0,0.708933569,PS185_Red_1,G12,sat,Domesticated,S4,Fix+,LN,50%,B4,P5,0.768823382,,0.6531,3/3/2023,n,0.0,1,1.0,,0.0,100.0,Fix+,FixPlus,100.0,0.0,FixPlus,Fix+
PS185,18,Single,3577,Green,0,3577,0.761001502,PS185_Green_18,G12,sat,Domesticated,S4,Fix+,LN,50%,B4,P5,0.768823382,,0.6531,3/3/2023,n,0.0,1,1.0,,100.0,0.0,Fix+,FixPlus,100.0,0.0,FixPlus,Fix+
PS187,1,Single,2562,Red,2562,0,0.834575248,PS187_Red_1,G24,sat,Domesticated,S4,Mix2,LN,50%,B4,P7,0.477834366,,0.5062,3/3/2023,y,0.0,1,1.0,,0.0,100.0,Fix+,FixPlus,100.0,0.0,MixTwo,Mixed
PS187,26,Single,726,Green,0,726,0.847721175,PS187_Green_26,G24,sat,Domesticated,S4,Mix2,LN,50%,B4,P7,0.477834366,,0.5062,3/3/2023,y,0.0,1,1.0,,100.0,0.0,Fix-,FixMinus,0.0,100.0,MixTwo,Mixed
PS190,1,Single,1632,Red,1632,0,0.868336989,PS190_Red_1,G23,sat,Domesticated,S4,Mix2,HN,50%,B4,P10,0.782040493,,0.694,3/3/2023,n,0.0,1,1.0,,0.0,100.0,Fix+,FixPlus,100.0,0.0,MixTwo,Mixed
PS190,22,Single,1025,Green,0,1025,0.850635497,PS190_Green_22,G23,sat,Domesticated,S4,Mix2,HN,50%,B4,P10,0.782040493,,0.694,3/3/2023,n,0.0,1,1.0,,100.0,0.0,Fix-,FixMinus,0.0,100.0,MixTwo,Mixed
PS191,1,Single,1941,Red,1941,0,0.601104542,PS191_Red_1,G11,sat,Domesticated,S4,Fix+,HN,50%,B4,P11,0.686234626,,0.8498,3/3/2023,y,0.0,2,1.0,,0.0,100.0,Fix+,FixPlus,100.0,0.0,FixPlus,Fix+
PS191,10,Single,3588,Green,0,3588,0.481688524,PS191_Green_10,G11,sat,Domesticated,S4,Fix+,HN,50%,B4,P11,0.686234626,,0.8498,3/3/2023,y,0.0,2,1.0,,100.0,0.0,Fix+,FixPlus,100.0,0.0,FixPlus,Fix+
PS192,1,Single,942,Red,942,0,0.338897202,PS192_Red_1,G16,ful,Wild,F4,Mix1,LN,50%,B4,P12,0.414678028,,0.2429,3/3/2023,n,0.0,0,1.0,,0.0,100.0,Fix-,FixMinus,0.0,100.0,MixOne,Mixed
PS192,2,Single,852,Green,0,852,0.730621476,PS192_Green_2,G16,ful,Wild,F4,Mix1,LN,50%,B4,P12,0.414678028,,0.2429,3/3/2023,n,0.0,0,1.0,,100.0,0.0,Fix+,FixPlus,100.0,0.0,MixOne,Mixed
PS193,1,Single,717,Red,717,0,0.805841186,PS193_Red_1,G18,sat,Domesticated,S4,Mix1,LN,50%,B4,P13,0.010352729,,0.6923,3/3/2023,n,0.0,0,1.0,,0.0,100.0,Fix-,FixMinus,0.0,100.0,MixOne,Mixed
PS193,26,Single,5947,Green,0,5947,0.592791463,PS193_Green_26,G18,sat,Domesticated,S4,Mix1,LN,50%,B4,P13,0.010352729,,0.6923,3/3/2023,n,0.0,0,1.0,,100.0,0.0,Fix+,FixPlus,100.0,0.0,MixOne,Mixed
PS195,1,Single,8923,Red,8923,0,0.72577319,PS195_Red_1,G14,elat,Wild,E4,Mix1,LN,50%,B4,P15,0.922788879,,0.1709,3/3/2023,y,0.0,0,1.0,,0.0,100.0,Fix-,FixMinus,0.0,100.0,MixOne,Mixed
PS198,1,Single,2448,Red,2448,0,0.741942616,PS198_Red_1,G5,sat,Domesticated,S4,Fix-,HN,50%,B4,P18,0.501310838,,0.898,3/3/2023,n,0.0,2,1.0,,0.0,100.0,Fix-,FixMinus,0.0,100.0,FixMinus,Fix-
PS198,14,Single,3399,Green,0,3399,0.704860297,PS198_Green_14,G5,sat,Domesticated,S4,Fix-,HN,50%,B4,P18,0.501310838,,0.898,3/3/2023,n,0.0,2,1.0,,100.0,0.0,Fix-,FixMinus,0.0,100.0,FixMinus,Fix-
PS200,1,Single,3137,Red,3137,0,0.729562187,PS200_Red_1,G8,elat,Wild,E4,Fix+,LN,50%,B4,P20,0.453957759,,0.3284,3/3/2023,n,0.0,0,1.0,,0.0,100.0,Fix+,FixPlus,100.0,0.0,FixPlus,Fix+
PS200,2,Single,1015,Green,0,1015,0.850413978,PS200_Green_2,G8,elat,Wild,E4,Fix+,LN,50%,B4,P20,0.453957759,,0.3284,3/3/2023,n,0.0,0,1.0,,100.0,0.0,Fix+,FixPlus,100.0,0.0,FixPlus,Fix+
PS203,1,Single,1352,Red,1352,0,0.339315871,PS203_Red_1,G17,sat,Domesticated,S4,Mix1,HN,50%,B4,P23,0.434798737,,0.7505,3/3/2023,n,0.0,2,1.0,,0.0,100.0,Fix-,FixMinus,0.0,100.0,MixOne,Mixed
PS203,15,Single,2163,Green,0,2163,0.492455471,PS203_Green_15,G17,sat,Domesticated,S4,Mix1,HN,50%,B4,P23,0.434798737,,0.7505,3/3/2023,n,0.0,2,1.0,,100.0,0.0,Fix+,FixPlus,100.0,0.0,MixOne,Mixed
PS205,2,Single,2313,Red,2313,0,0.832503777,PS205_Red_2,G3,ful,Wild,F4,Fix-,HN,50%,B4,P25,0.639076388,,0.21,3/3/2023,n,0.0,0,1.0,,0.0,100.0,Fix-,FixMinus,0.0,100.0,FixMinus,Fix-
PS206,2,Single,16235,Red,16235,0,0.643084258,PS206_Red_2,G2,elat,Wild,E4,Fix-,LN,50%,B4,P26,0.919685753,,0.2158,3/3/2023,n,0.0,0,1.0,,0.0,100.0,Fix-,FixMinus,0.0,100.0,FixMinus,Fix-
PS206,5,Single,12676,Green,0,12676,0.730519605,PS206_Green_5,G2,elat,Wild,E4,Fix-,LN,50%,B4,P26,0.919685753,,0.2158,3/3/2023,n,0.0,0,1.0,,100.0,0.0,Fix-,FixMinus,0.0,100.0,FixMinus,Fix-
PS207,1,Single,6493,Red,6493,0,0.688977538,PS207_Red_1,G19,elat,Wild,E4,Mix2,HN,50%,B4,P27,0.472227198,,0.5931,3/6/2023,n,0.0,1,1.0,,0.0,100.0,Fix+,FixPlus,100.0,0.0,MixTwo,Mixed
PS210,1,Single,1171,Red,1171,0,0.850466071,PS210_Red_1,G6,sat,Domesticated,S4,Fix-,LN,50%,B4,P30,0.834998204,,0.6598,3/6/2023,n,0.0,2,1.0,,0.0,100.0,Fix-,FixMinus,0.0,100.0,FixMinus,Fix-
PS210,23,Single,685,Green,0,685,0.475766035,PS210_Green_23,G6,sat,Domesticated,S4,Fix-,LN,50%,B4,P30,0.834998204,,0.6598,3/6/2023,n,0.0,2,1.0,,100.0,0.0,Fix-,FixMinus,0.0,100.0,FixMinus,Fix-
PS211,1,Single,1354,Green,0,1354,0.86356533,PS211_Green_1,G3,ful,Wild,F4,Fix-,HN,NS,B4,P31,0.259229693,,0.4318,2/3/2023,n,0.0,1,2.0,,100.0,0.0,Fix-,FixMinus,0.0,100.0,FixMinus,Fix-
PS213,1,Single,16459,Red,16459,0,0.544541531,PS213_Red_1,G1,elat,Wild,E4,Fix-,HN,NS,B4,P33,0.056028276,,0.47,2/3/2023,n,0.0,0,1.0,,0.0,100.0,Fix-,FixMinus,0.0,100.0,FixMinus,Fix-
PS218,1,Single,3960,Red,3960,0,0.854801366,PS218_Red_1,G20,elat,Wild,E4,Mix2,LN,NS,B4,P38,0.729075457,,0.1131,2/3/2023,n,0.0,0,1.0,,0.0,100.0,Fix+,FixPlus,100.0,0.0,MixTwo,Mixed
PS218,10,Single,10518,Green,0,10518,0.341683911,PS218_Green_10,G20,elat,Wild,E4,Mix2,LN,NS,B4,P38,0.729075457,,0.1131,2/3/2023,n,0.0,0,1.0,,100.0,0.0,Fix-,FixMinus,0.0,100.0,MixTwo,Mixed
PS221,1,Single,1192,Green,0,1192,0.691344229,PS221_Green_1,G21,ful,Wild,F4,Mix2,HN,NS,B4,P41,0.948234971,,0.1566,2/3/2023,n,0.0,0,2.0,,100.0,0.0,Fix-,FixMinus,0.0,100.0,MixTwo,Mixed
PS222,1,Single,1238,Red,1238,0,0.894453579,PS222_Red_1,G6,sat,Domesticated,S4,Fix-,LN,NS,B4,P42,0.313048378,,0.7236,2/3/2023,n,1.0,1,1.0,,0.0,100.0,Fix-,FixMinus,0.0,100.0,FixMinus,Fix-
PS222,43,Single,366,Green,0,366,0.918328471,PS222_Green_43,G6,sat,Domesticated,S4,Fix-,LN,NS,B4,P42,0.313048378,,0.7236,2/3/2023,n,1.0,1,1.0,,100.0,0.0,Fix-,FixMinus,0.0,100.0,FixMinus,Fix-
PS223,1,Single,1049,Red,1049,0,0.894477994,PS223_Red_1,G2,elat,Wild,E4,Fix-,LN,NS,B4,P43,0.52815108,,0.2492,2/3/2023,n,1.0,0,1.0,,0.0,100.0,Fix-,FixMinus,0.0,100.0,FixMinus,Fix-
PS224,1,Single,1254,Red,1254,0,0.744985858,PS224_Red_1,G4,ful,Wild,F4,Fix-,LN,NS,B4,P44,0.048442701,,0.2064,2/3/2023,n,0.0,0,2.0,,0.0,100.0,Fix-,FixMinus,0.0,100.0,FixMinus,Fix-
PS224,11,Single,1905,Green,0,1905,0.842048867,PS224_Green_11,G4,ful,Wild,F4,Fix-,LN,NS,B4,P44,0.048442701,,0.2064,2/3/2023,n,0.0,0,2.0,,100.0,0.0,Fix-,FixMinus,0.0,100.0,FixMinus,Fix-
PS226,1,Single,1559,Red,1559,0,0.866458634,PS226_Red_1,G18,sat,Domesticated,S4,Mix1,LN,NS,B4,P46,0.826147594,,0.7462,2/3/2023,n,0.0,0,1.0,,0.0,100.0,Fix-,FixMinus,0.0,100.0,MixOne,Mixed
PS226,27,Single,1277,Green,0,1277,0.8453127,PS226_Green_27,G18,sat,Domesticated,S4,Mix1,LN,NS,B4,P46,0.826147594,,0.7462,2/3/2023,n,0.0,0,1.0,,100.0,0.0,Fix+,FixPlus,100.0,0.0,MixOne,Mixed
PS228,2,Single,1807,Red,1807,0,0.768237674,PS228_Red_2,G13,elat,Wild,E4,Mix1,HN,NS,B4,P48,0.387524035,,0.4565,2/3/2023,n,1.0,0,1.0,,0.0,100.0,Fix-,FixMinus,0.0,100.0,MixOne,Mixed
PS228,4,Single,2516,Green,0,2516,0.793418097,PS228_Green_4,G13,elat,Wild,E4,Mix1,HN,NS,B4,P48,0.387524035,,0.4565,2/3/2023,n,1.0,0,1.0,,100.0,0.0,Fix+,FixPlus,100.0,0.0,MixOne,Mixed
PS229,2,Single,4778,Red,4778,0,0.749278251,PS229_Red_2,G7,elat,Wild,E4,Fix+,HN,NS,B4,P49,0.832313253,,0.1389,2/3/2023,n,0.0,0,1.0,,0.0,100.0,Fix+,FixPlus,100.0,0.0,FixPlus,Fix+
PS230,1,Single,1198,Red,1198,0,0.889090398,PS230_Red_1,G12,sat,Domesticated,S4,Fix+,LN,NS,B4,P50,0.470718828,,0.9554,2/3/2023,n,0.0,2,1.0,,0.0,100.0,Fix+,FixPlus,100.0,0.0,FixPlus,Fix+
PS230,17,Single,911,Green,0,911,0.812360259,PS230_Green_17,G12,sat,Domesticated,S4,Fix+,LN,NS,B4,P50,0.470718828,,0.9554,2/3/2023,n,0.0,2,1.0,,100.0,0.0,Fix+,FixPlus,100.0,0.0,FixPlus,Fix+
PS231,1,Single,1534,Red,1534,0,0.609617631,PS231_Red_1,G17,sat,Domesticated,S4,Mix1,HN,NS,B4,P51,0.345076897,,0.6787,2/3/2023,n,0.0,2,1.0,,0.0,100.0,Fix-,FixMinus,0.0,100.0,MixOne,Mixed
PS231,22,Single,6308,Green,0,6308,0.622887978,PS231_Green_22,G17,sat,Domesticated,S4,Mix1,HN,NS,B4,P51,0.345076897,,0.6787,2/3/2023,n,0.0,2,1.0,,100.0,0.0,Fix+,FixPlus,100.0,0.0,MixOne,Mixed
PS233,1,Single,1386,Red,1386,0,0.890118586,PS233_Red_1,G5,sat,Domesticated,S4,Fix-,HN,NS,B4,P53,0.974664394,,0.9212,2/10/2023,y,0.0,2,1.0,,0.0,100.0,Fix-,FixMinus,0.0,100.0,FixMinus,Fix-
PS233,35,Single,1325,Green,0,1325,0.796210775,PS233_Green_35,G5,sat,Domesticated,S4,Fix-,HN,NS,B4,P53,0.974664394,,0.9212,2/10/2023,y,0.0,2,1.0,,100.0,0.0,Fix-,FixMinus,0.0,100.0,FixMinus,Fix-
PS234,1,Single,1529,Red,1529,0,0.725375752,PS234_Red_1,G11,sat,Domesticated,S4,Fix+,HN,NS,B4,P54,0.635014342,,0.7485,2/10/2023,n,1.0,1,1.0,,0.0,100.0,Fix+,FixPlus,100.0,0.0,FixPlus,Fix+
PS234,20,Single,2201,Green,0,2201,0.582936078,PS234_Green_20,G11,sat,Domesticated,S4,Fix+,HN,NS,B4,P54,0.635014342,,0.7485,2/10/2023,n,1.0,1,1.0,,100.0,0.0,Fix+,FixPlus,100.0,0.0,FixPlus,Fix+
PS235,1,Single,4354,Red,4354,0,0.781769087,PS235_Red_1,G19,elat,Wild,E4,Mix2,HN,NS,B4,P55,0.116642771,,0.4119,2/10/2023,n,1.0,0,1.0,,0.0,100.0,Fix+,FixPlus,100.0,0.0,MixTwo,Mixed
PS236,2,Single,1779,Red,1779,0,0.493704748,PS236_Red_2,G24,sat,Domesticated,S4,Mix2,LN,NS,B4,P56,0.26635242,,0.9041,2/10/2023,y,0.0,2,1.0,,0.0,100.0,Fix+,FixPlus,100.0,0.0,MixTwo,Mixed
PS236,17,Single,354,Green,0,354,0.785496622,PS236_Green_17,G24,sat,Domesticated,S4,Mix2,LN,NS,B4,P56,0.26635242,,0.9041,2/10/2023,y,0.0,2,1.0,,100.0,0.0,Fix-,FixMinus,0.0,100.0,MixTwo,Mixed
PS239,1,Single,575,Red,575,0,0.919038324,PS239_Red_1,G23,sat,Domesticated,S4,Mix2,HN,NS,B4,P59,0.079776217,,1.277,2/10/2023,y,1.0,1,1.0,,0.0,100.0,Fix+,FixPlus,100.0,0.0,MixTwo,Mixed
PS239,29,Single,917,Green,0,917,0.897731541,PS239_Green_29,G23,sat,Domesticated,S4,Mix2,HN,NS,B4,P59,0.079776217,,1.277,2/10/2023,y,1.0,1,1.0,,100.0,0.0,Fix-,FixMinus,0.0,100.0,MixTwo,Mixed
PS240,1,Single,4600,Red,4600,0,0.744019783,PS240_Red_1,G16,ful,Wild,F4,Mix1,LN,NS,B4,P60,0.303600195,,0.3206,2/10/2023,n,1.0,0,2.0,,0.0,100.0,Fix-,FixMinus,0.0,100.0,MixOne,Mixed
PS241,1,Single,2373,Red,2373,0,0.827576622,PS241_Red_1,G18,sat,Domesticated,S5,Mix1,LN,50%,B5,P1,0.127827073,,0.6072,3/3/2023,n,1.0,1,1.0,,0.0,100.0,Fix-,FixMinus,0.0,100.0,MixOne,Mixed
PS241,19,Single,6543,Green,0,6543,0.626139506,PS241_Green_19,G18,sat,Domesticated,S5,Mix1,LN,50%,B5,P1,0.127827073,,0.6072,3/3/2023,n,1.0,1,1.0,,100.0,0.0,Fix+,FixPlus,100.0,0.0,MixOne,Mixed
PS243,1,Single,4514,Red,4514,0,0.764743404,PS243_Red_1,G7,elat,Wild,E5,Fix+,HN,50%,B5,P3,0.897720895,,0.3376,3/3/2023,n,1.0,0,1.0,,0.0,100.0,Fix+,FixPlus,100.0,0.0,FixPlus,Fix+
PS243,13,Single,3283,Green,0,3283,0.551843435,PS243_Green_13,G7,elat,Wild,E5,Fix+,HN,50%,B5,P3,0.897720895,,0.3376,3/3/2023,n,1.0,0,1.0,,100.0,0.0,Fix+,FixPlus,100.0,0.0,FixPlus,Fix+
PS244,1,Single,3539,Red,3539,0,0.837402033,PS244_Red_1,G2,elat,Wild,E5,Fix-,LN,50%,B5,P4,0.73369934,,0.1147,3/3/2023,n,0.0,0,1.0,,0.0,100.0,Fix-,FixMinus,0.0,100.0,FixMinus,Fix-
PS244,18,Single,1271,Green,0,1271,0.810628903,PS244_Green_18,G2,elat,Wild,E5,Fix-,LN,50%,B5,P4,0.73369934,,0.1147,3/3/2023,n,0.0,0,1.0,,100.0,0.0,Fix-,FixMinus,0.0,100.0,FixMinus,Fix-
PS245,1,Single,1496,Red,1496,0,0.860795269,PS245_Red_1,G6,sat,Domesticated,S5,Fix-,LN,50%,B5,P5,0.537375841,,0.4941,3/3/2023,n,1.0,0,1.0,,0.0,100.0,Fix-,FixMinus,0.0,100.0,FixMinus,Fix-
PS245,28,Single,1424,Green,0,1424,0.90067735,PS245_Green_28,G6,sat,Domesticated,S5,Fix-,LN,50%,B5,P5,0.537375841,,0.4941,3/3/2023,n,1.0,0,1.0,,100.0,0.0,Fix-,FixMinus,0.0,100.0,FixMinus,Fix-
PS249,1,Single,4361,Red,4361,0,0.716115511,PS249_Red_1,G8,elat,Wild,E5,Fix+,LN,50%,B5,P9,0.256046609,,0.1404,3/3/2023,y,0.0,0,1.0,,0.0,100.0,Fix+,FixPlus,100.0,0.0,FixPlus,Fix+
PS249,17,Single,2129,Green,0,2129,0.350936591,PS249_Green_17,G8,elat,Wild,E5,Fix+,LN,50%,B5,P9,0.256046609,,0.1404,3/3/2023,y,0.0,0,1.0,,100.0,0.0,Fix+,FixPlus,100.0,0.0,FixPlus,Fix+
PS250,1,Single,727,Red,727,0,0.826209078,PS250_Red_1,G5,sat,Domesticated,S5,Fix-,HN,50%,B5,P10,0.301466248,,0.6673,3/3/2023,n,1.0,0,1.0,,0.0,100.0,Fix-,FixMinus,0.0,100.0,FixMinus,Fix-
PS250,39,Single,1251,Green,0,1251,0.783145524,PS250_Green_39,G5,sat,Domesticated,S5,Fix-,HN,50%,B5,P10,0.301466248,,0.6673,3/3/2023,n,1.0,0,1.0,,100.0,0.0,Fix-,FixMinus,0.0,100.0,FixMinus,Fix-
PS251,1,Single,3825,Red,3825,0,0.816742259,PS251_Red_1,G11,sat,Domesticated,S5,Fix+,HN,50%,B5,P11,0.784385172,,0.5223,3/3/2023,n,0.0,1,1.0,,0.0,100.0,Fix+,FixPlus,100.0,0.0,FixPlus,Fix+
PS251,15,Single,531,Green,0,531,0.59293988,PS251_Green_15,G11,sat,Domesticated,S5,Fix+,HN,50%,B5,P11,0.784385172,,0.5223,3/3/2023,n,0.0,1,1.0,,100.0,0.0,Fix+,FixPlus,100.0,0.0,FixPlus,Fix+
PS252,1,Single,1809,Red,1809,0,0.749409287,PS252_Red_1,G20,elat,Wild,E5,Mix2,LN,50%,B5,P12,0.76600475,,0.191,3/3/2023,n,0.0,0,1.0,,0.0,100.0,Fix+,FixPlus,100.0,0.0,MixTwo,Mixed
PS252,14,Single,1247,Green,0,1247,0.863519746,PS252_Green_14,G20,elat,Wild,E5,Mix2,LN,50%,B5,P12,0.76600475,,0.191,3/3/2023,n,0.0,0,1.0,,100.0,0.0,Fix-,FixMinus,0.0,100.0,MixTwo,Mixed
PS254,1,Single,396,Red,396,0,0.296553643,PS254_Red_1,G17,sat,Domesticated,S5,Mix1,HN,50%,B5,P14,0.171044321,,0.4997,3/3/2023,n,0.0,1,1.0,,0.0,100.0,Fix-,FixMinus,0.0,100.0,MixOne,Mixed
PS254,27,Single,3467,Green,0,3467,0.552966979,PS254_Green_27,G17,sat,Domesticated,S5,Mix1,HN,50%,B5,P14,0.171044321,,0.4997,3/3/2023,n,0.0,1,1.0,,100.0,0.0,Fix+,FixPlus,100.0,0.0,MixOne,Mixed
PS256,1,Single,1567,Red,1567,0,0.711445621,PS256_Red_1,G12,sat,Domesticated,S5,Fix+,LN,50%,B5,P16,0.584978804,,0.5673,3/3/2023,n,1.0,1,1.0,,0.0,100.0,Fix+,FixPlus,100.0,0.0,FixPlus,Fix+
PS256,19,Single,1215,Green,0,1215,0.753293512,PS256_Green_19,G12,sat,Domesticated,S5,Fix+,LN,50%,B5,P16,0.584978804,,0.5673,3/3/2023,n,1.0,1,1.0,,100.0,0.0,Fix+,FixPlus,100.0,0.0,FixPlus,Fix+
PS259,1,Single,1575,Red,1575,0,0.749431625,PS259_Red_1,G14,elat,Wild,E5,Mix1,LN,50%,B5,P19,0.661111107,,0.1586,3/3/2023,n,0.0,0,1.0,,0.0,100.0,Fix-,FixMinus,0.0,100.0,MixOne,Mixed
PS259,16,Single,1581,Green,0,1581,0.755473661,PS259_Green_16,G14,elat,Wild,E5,Mix1,LN,50%,B5,P19,0.661111107,,0.1586,3/3/2023,n,0.0,0,1.0,,100.0,0.0,Fix+,FixPlus,100.0,0.0,MixOne,Mixed
PS262,1,Single,2040,Red,2040,0,0.875715604,PS262_Red_1,G19,elat,Wild,E5,Mix2,HN,50%,B5,P22,0.988576165,,0.3924,3/3/2023,n,1.0,0,1.0,,0.0,100.0,Fix+,FixPlus,100.0,0.0,MixTwo,Mixed
PS262,27,Single,745,Green,0,745,0.808019614,PS262_Green_27,G19,elat,Wild,E5,Mix2,HN,50%,B5,P22,0.988576165,,0.3924,3/3/2023,n,1.0,0,1.0,,100.0,0.0,Fix-,FixMinus,0.0,100.0,MixTwo,Mixed
PS263,1,Single,1677,Red,1677,0,0.888308772,PS263_Red_1,G13,elat,Wild,E5,Mix1,HN,50%,B5,P23,0.808268959,,0.4257,3/3/2023,n,0.0,0,1.0,,0.0,100.0,Fix-,FixMinus,0.0,100.0,MixOne,Mixed
PS263,26,Single,1142,Green,0,1142,0.697499485,PS263_Green_26,G13,elat,Wild,E5,Mix1,HN,50%,B5,P23,0.808268959,,0.4257,3/3/2023,n,0.0,0,1.0,,100.0,0.0,Fix+,FixPlus,100.0,0.0,MixOne,Mixed
PS269,1,Single,1270,Red,1270,0,0.898206769,PS269_Red_1,G1,elat,Wild,E5,Fix-,HN,50%,B5,P29,0.88632801,,0.2977,3/3/2023,n,0.0,0,1.0,,0.0,100.0,Fix-,FixMinus,0.0,100.0,FixMinus,Fix-
PS269,28,Single,1750,Green,0,1750,0.852514575,PS269_Green_28,G1,elat,Wild,E5,Fix-,HN,50%,B5,P29,0.88632801,,0.2977,3/3/2023,n,0.0,0,1.0,,100.0,0.0,Fix-,FixMinus,0.0,100.0,FixMinus,Fix-
PS270,1,Single,2356,Red,2356,0,0.550222454,PS270_Red_1,G23,sat,Domesticated,S5,Mix2,HN,50%,B5,P30,0.417767701,,0.6355,3/3/2023,n,1.0,1,1.0,,0.0,100.0,Fix+,FixPlus,100.0,0.0,MixTwo,Mixed
PS271,1,Single,488,Red,488,0,0.907940956,PS271_Red_1,G5,sat,Domesticated,S5,Fix-,HN,NS,B5,P31,0.827883729,,1.0145,2/10/2023,y,0.0,0,1.0,,0.0,100.0,Fix-,FixMinus,0.0,100.0,FixMinus,Fix-
PS271,59,Single,1589,Green,0,1589,0.735649159,PS271_Green_59,G5,sat,Domesticated,S5,Fix-,HN,NS,B5,P31,0.827883729,,1.0145,2/10/2023,y,0.0,0,1.0,,100.0,0.0,Fix-,FixMinus,0.0,100.0,FixMinus,Fix-
PS273,1,Single,2475,Red,2475,0,0.820858317,PS273_Red_1,G11,sat,Domesticated,S5,Fix+,HN,NS,B5,P33,0.189372199,,1.2389,3/3/2023,n,0.0,1,1.0,,0.0,100.0,Fix+,FixPlus,100.0,0.0,FixPlus,Fix+
PS273,76,Single,317,Green,0,317,0.900066084,PS273_Green_76,G11,sat,Domesticated,S5,Fix+,HN,NS,B5,P33,0.189372199,,1.2389,3/3/2023,n,0.0,1,1.0,,100.0,0.0,Fix+,FixPlus,100.0,0.0,FixPlus,Fix+
PS274,1,Single,498,Red,498,0,0.890287426,PS274_Red_1,G23,sat,Domesticated,S5,Mix2,HN,NS,B5,P34,0.396373765,,1.29,2/10/2023,n,0.0,2,1.0,,0.0,100.0,Fix+,FixPlus,100.0,0.0,MixTwo,Mixed
PS274,58,Single,1781,Green,0,1781,0.82596271,PS274_Green_58,G23,sat,Domesticated,S5,Mix2,HN,NS,B5,P34,0.396373765,,1.29,2/10/2023,n,0.0,2,1.0,,100.0,0.0,Fix-,FixMinus,0.0,100.0,MixTwo,Mixed
PS275,1,Single,3266,Red,3266,0,0.809714594,PS275_Red_1,G8,elat,Wild,E5,Fix+,LN,NS,B5,P35,0.256366672,,0.2472,2/10/2023,n,0.0,0,1.0,,0.0,100.0,Fix+,FixPlus,100.0,0.0,FixPlus,Fix+
PS275,22,Single,1602,Green,0,1602,0.670014708,PS275_Green_22,G8,elat,Wild,E5,Fix+,LN,NS,B5,P35,0.256366672,,0.2472,2/10/2023,n,0.0,0,1.0,,100.0,0.0,Fix+,FixPlus,100.0,0.0,FixPlus,Fix+
PS279,1,Single,4814,Red,4814,0,0.731046377,PS279_Red_1,G20,elat,Wild,E5,Mix2,LN,NS,B5,P39,0.015654063,,0.1137,2/10/2023,n,0.0,0,1.0,,0.0,100.0,Fix+,FixPlus,100.0,0.0,MixTwo,Mixed
PS279,11,Single,1328,Green,0,1328,0.711071573,PS279_Green_11,G20,elat,Wild,E5,Mix2,LN,NS,B5,P39,0.015654063,,0.1137,2/10/2023,n,0.0,0,1.0,,100.0,0.0,Fix-,FixMinus,0.0,100.0,MixTwo,Mixed
PS281,1,Single,1342,Red,1342,0,0.834876211,PS281_Red_1,G6,sat,Domesticated,S5,Fix-,LN,NS,B5,P41,0.480065304,,0.6233,2/10/2023,n,0.0,2,1.0,,0.0,100.0,Fix-,FixMinus,0.0,100.0,FixMinus,Fix-
PS281,105,Single,1499,Green,0,1499,0.849006722,PS281_Green_105,G6,sat,Domesticated,S5,Fix-,LN,NS,B5,P41,0.480065304,,0.6233,2/10/2023,n,0.0,2,1.0,,100.0,0.0,Fix-,FixMinus,0.0,100.0,FixMinus,Fix-
PS283,1,Single,667,Red,667,0,0.571977141,PS283_Red_1,G17,sat,Domesticated,S5,Mix1,HN,NS,B5,P43,0.283330385,,1.1018,2/10/2023,n,0.0,1,1.0,,0.0,100.0,Fix-,FixMinus,0.0,100.0,MixOne,Mixed
PS283,60,Single,4024,Green,0,4024,0.48639308,PS283_Green_60,G17,sat,Domesticated,S5,Mix1,HN,NS,B5,P43,0.283330385,,1.1018,2/10/2023,n,0.0,1,1.0,,100.0,0.0,Fix+,FixPlus,100.0,0.0,MixOne,Mixed
PS285,1,Single,903,Red,903,0,0.795996221,PS285_Red_1,G12,sat,Domesticated,S5,Fix+,LN,NS,B5,P45,0.67255491,,1.0358,3/3/2023,n,0.0,1,1.0,,0.0,100.0,Fix+,FixPlus,100.0,0.0,FixPlus,Fix+
PS285,50,Single,1095,Green,0,1095,0.602727747,PS285_Green_50,G12,sat,Domesticated,S5,Fix+,LN,NS,B5,P45,0.67255491,,1.0358,3/3/2023,n,0.0,1,1.0,,100.0,0.0,Fix+,FixPlus,100.0,0.0,FixPlus,Fix+
PS286,2,Single,2894,Red,2894,0,0.569535075,PS286_Red_2,G1,elat,Wild,E5,Fix-,HN,NS,B5,P46,0.458662006,,0.2048,3/3/2023,y,0.0,0,1.0,,0.0,100.0,Fix-,FixMinus,0.0,100.0,FixMinus,Fix-
PS286,29,Single,764,Green,0,764,0.579527522,PS286_Green_29,G1,elat,Wild,E5,Fix-,HN,NS,B5,P46,0.458662006,,0.2048,3/3/2023,y,0.0,0,1.0,,100.0,0.0,Fix-,FixMinus,0.0,100.0,FixMinus,Fix-
PS287,2,Single,2944,Red,2944,0,0.560837868,PS287_Red_2,G19,elat,Wild,E5,Mix2,HN,NS,B5,P47,0.524689729,,0.3819,3/3/2023,n,0.0,0,1.0,,0.0,100.0,Fix+,FixPlus,100.0,0.0,MixTwo,Mixed
PS287,21,Single,2388,Green,0,2388,0.792003904,PS287_Green_21,G19,elat,Wild,E5,Mix2,HN,NS,B5,P47,0.524689729,,0.3819,3/3/2023,n,0.0,0,1.0,,100.0,0.0,Fix-,FixMinus,0.0,100.0,MixTwo,Mixed
PS288,1,Single,633,Red,633,0,0.821089147,PS288_Red_1,G18,sat,Domesticated,S5,Mix1,LN,NS,B5,P48,0.886679634,,0.7683,3/3/2023,y,0.0,2,1.0,,0.0,100.0,Fix-,FixMinus,0.0,100.0,MixOne,Mixed
PS288,48,Single,5637,Green,0,5637,0.618611419,PS288_Green_48,G18,sat,Domesticated,S5,Mix1,LN,NS,B5,P48,0.886679634,,0.7683,3/3/2023,y,0.0,2,1.0,,100.0,0.0,Fix+,FixPlus,100.0,0.0,MixOne,Mixed
PS289,1,Single,831,Red,831,0,0.741022366,PS289_Red_1,G2,elat,Wild,E5,Fix-,LN,NS,B5,P49,0.392697608,,0.221,3/3/2023,y,0.0,0,1.0,,0.0,100.0,Fix-,FixMinus,0.0,100.0,FixMinus,Fix-
PS289,36,Single,318,Green,0,318,0.73290268,PS289_Green_36,G2,elat,Wild,E5,Fix-,LN,NS,B5,P49,0.392697608,,0.221,3/3/2023,y,0.0,0,1.0,,100.0,0.0,Fix-,FixMinus,0.0,100.0,FixMinus,Fix-
PS291,1,Single,2536,Red,2536,0,0.697681348,PS291_Red_1,G24,sat,Domesticated,S5,Mix2,LN,NS,B5,P51,0.674985616,,0.7299,3/3/2023,y,0.0,1,1.0,,0.0,100.0,Fix+,FixPlus,100.0,0.0,MixTwo,Mixed
PS291,39,Single,948,Green,0,948,0.51779095,PS291_Green_39,G24,sat,Domesticated,S5,Mix2,LN,NS,B5,P51,0.674985616,,0.7299,3/3/2023,y,0.0,1,1.0,,100.0,0.0,Fix-,FixMinus,0.0,100.0,MixTwo,Mixed
PS296,1,Single,438,Red,438,0,0.816911048,PS296_Red_1,G7,elat,Wild,E5,Fix+,HN,NS,B5,P56,0.545409901,,0.1639,3/3/2023,n,0.0,0,1.0,,0.0,100.0,Fix+,FixPlus,100.0,0.0,FixPlus,Fix+
PS296,9,Single,2195,Green,0,2195,0.818446275,PS296_Green_9,G7,elat,Wild,E5,Fix+,HN,NS,B5,P56,0.545409901,,0.1639,3/3/2023,n,0.0,0,1.0,,100.0,0.0,Fix+,FixPlus,100.0,0.0,FixPlus,Fix+
PS298,1,Single,4613,Red,4613,0,0.835394008,PS298_Red_1,G14,elat,Wild,E5,Mix1,LN,NS,B5,P58,0.388831749,,0.2247,3/3/2023,n,0.0,0,1.0,,0.0,100.0,Fix-,FixMinus,0.0,100.0,MixOne,Mixed
PS298,23,Single,899,Green,0,899,0.715675903,PS298_Green_23,G14,elat,Wild,E5,Mix1,LN,NS,B5,P58,0.388831749,,0.2247,3/3/2023,n,0.0,0,1.0,,100.0,0.0,Fix+,FixPlus,100.0,0.0,MixOne,Mixed
PS299,1,Single,1085,Red,1085,0,0.651086132,PS299_Red_1,G13,elat,Wild,E5,Mix1,HN,NS,B5,P59,0.67055568,,0.2395,3/3/2023,n,0.0,0,1.0,,0.0,100.0,Fix-,FixMinus,0.0,100.0,MixOne,Mixed
PS299,25,Single,1342,Green,0,1342,0.81688748,PS299_Green_25,G13,elat,Wild,E5,Mix1,HN,NS,B5,P59,0.67055568,,0.2395,3/3/2023,n,0.0,0,1.0,,100.0,0.0,Fix+,FixPlus,100.0,0.0,MixOne,Mixed
PS301,1,Single,3142,Red,3142,0,0.852275106,PS301_Red_1,G21,ful,Wild,F6,Mix2,HN,50%,B6,P1,0.040986389,,0.2024,3/6/2023,,,1,,,0.0,100.0,Fix+,FixPlus,100.0,0.0,MixTwo,Mixed
PS301,7,Single,2961,Green,0,2961,0.436252068,PS301_Green_7,G21,ful,Wild,F6,Mix2,HN,50%,B6,P1,0.040986389,,0.2024,3/6/2023,,,1,,,100.0,0.0,Fix-,FixMinus,0.0,100.0,MixTwo,Mixed
PS304,1,Single,1770,Red,1770,0,0.636781367,PS304_Red_1,G19,elat,Wild,E6,Mix2,HN,50%,B6,P4,0.260056946,,0.2354,3/6/2023,n,0.0,0,1.0,,0.0,100.0,Fix+,FixPlus,100.0,0.0,MixTwo,Mixed
PS304,18,Single,1472,Green,0,1472,0.798876129,PS304_Green_18,G19,elat,Wild,E6,Mix2,HN,50%,B6,P4,0.260056946,,0.2354,3/6/2023,n,0.0,0,1.0,,100.0,0.0,Fix-,FixMinus,0.0,100.0,MixTwo,Mixed
PS305,1,Single,783,Red,783,0,0.860837645,PS305_Red_1,G11,sat,Domesticated,S6,Fix+,HN,50%,B6,P5,0.629018362,,0.1662,3/6/2023,n,0.0,0,1.0,,0.0,100.0,Fix+,FixPlus,100.0,0.0,FixPlus,Fix+
PS305,39,Single,445,Green,0,445,0.802090169,PS305_Green_39,G11,sat,Domesticated,S6,Fix+,HN,50%,B6,P5,0.629018362,,0.1662,3/6/2023,n,0.0,0,1.0,,100.0,0.0,Fix+,FixPlus,100.0,0.0,FixPlus,Fix+
PS306,1,Single,2744,Red,2744,0,0.755614926,PS306_Red_1,G4,ful,Wild,F6,Fix-,LN,50%,B6,P6,0.009647866,,0.7432,3/6/2023,n,0.0,1,1.0,,0.0,100.0,Fix-,FixMinus,0.0,100.0,FixMinus,Fix-
PS306,2,Single,3363,Green,0,3363,0.740864385,PS306_Green_2,G4,ful,Wild,F6,Fix-,LN,50%,B6,P6,0.009647866,,0.7432,3/6/2023,n,0.0,1,1.0,,100.0,0.0,Fix-,FixMinus,0.0,100.0,FixMinus,Fix-
PS307,1,Single,4269,Red,4269,0,0.79974849,PS307_Red_1,G1,elat,Wild,E6,Fix-,HN,50%,B6,P7,0.411528473,,0.2086,3/6/2023,y,0.0,0,1.0,,0.0,100.0,Fix-,FixMinus,0.0,100.0,FixMinus,Fix-
PS307,26,Single,5367,Green,0,5367,0.770774099,PS307_Green_26,G1,elat,Wild,E6,Fix-,HN,50%,B6,P7,0.411528473,,0.2086,3/6/2023,y,0.0,0,1.0,,100.0,0.0,Fix-,FixMinus,0.0,100.0,FixMinus,Fix-
PS308,1,Single,1738,Red,1738,0,0.897169846,PS308_Red_1,G18,sat,Domesticated,S6,Mix1,LN,50%,B6,P8,0.582053548,,0.4703,3/6/2023,n,0.0,1,1.0,,0.0,100.0,Fix-,FixMinus,0.0,100.0,MixOne,Mixed
PS308,57,Single,2682,Green,0,2682,0.755014105,PS308_Green_57,G18,sat,Domesticated,S6,Mix1,LN,50%,B6,P8,0.582053548,,0.4703,3/6/2023,n,0.0,1,1.0,,100.0,0.0,Fix+,FixPlus,100.0,0.0,MixOne,Mixed
PS309,1,Single,5678,Red,5678,0,0.708425336,PS309_Red_1,G7,elat,Wild,E6,Fix+,HN,50%,B6,P9,0.613988498,,0.1909,3/6/2023,n,0.0,0,1.0,some sample on outside of envelope,0.0,100.0,Fix+,FixPlus,100.0,0.0,FixPlus,Fix+
PS309,30,Single,851,Green,0,851,0.714178907,PS309_Green_30,G7,elat,Wild,E6,Fix+,HN,50%,B6,P9,0.613988498,,0.1909,3/6/2023,n,0.0,0,1.0,some sample on outside of envelope,100.0,0.0,Fix+,FixPlus,100.0,0.0,FixPlus,Fix+
PS311,1,Single,413,Red,413,0,0.908112254,PS311_Red_1,G6,sat,Domesticated,S6,Fix-,LN,50%,B6,P11,0.393930368,,0.4017,3/6/2023,y,0.0,1,1.0,,0.0,100.0,Fix-,FixMinus,0.0,100.0,FixMinus,Fix-
PS311,89,Single,1324,Green,0,1324,0.855720272,PS311_Green_89,G6,sat,Domesticated,S6,Fix-,LN,50%,B6,P11,0.393930368,,0.4017,3/6/2023,y,0.0,1,1.0,,100.0,0.0,Fix-,FixMinus,0.0,100.0,FixMinus,Fix-
PS312,1,Single,3002,Red,3002,0,0.8568658,PS312_Red_1,G13,elat,Wild,E6,Mix1,HN,50%,B6,P12,0.480833295,,0.5466,3/6/2023,n,0.0,0,1.0,,0.0,100.0,Fix-,FixMinus,0.0,100.0,MixOne,Mixed
PS312,29,Single,2438,Green,0,2438,0.744223286,PS312_Green_29,G13,elat,Wild,E6,Mix1,HN,50%,B6,P12,0.480833295,,0.5466,3/6/2023,n,0.0,0,1.0,,100.0,0.0,Fix+,FixPlus,100.0,0.0,MixOne,Mixed
PS313,1,Single,1504,Red,1504,0,0.811504123,PS313_Red_1,G23,sat,Domesticated,S6,Mix2,HN,50%,B6,P13,0.019706939,,0.6738,3/6/2023,n,0.0,1,1.0,,0.0,100.0,Fix+,FixPlus,100.0,0.0,MixTwo,Mixed
PS313,41,Single,444,Green,0,444,0.901540102,PS313_Green_41,G23,sat,Domesticated,S6,Mix2,HN,50%,B6,P13,0.019706939,,0.6738,3/6/2023,n,0.0,1,1.0,,100.0,0.0,Fix-,FixMinus,0.0,100.0,MixTwo,Mixed
PS316,1,Single,6698,Red,6698,0,0.507613135,PS316_Red_1,G20,elat,Wild,E6,Mix2,LN,50%,B6,P16,0.253493772,,0.1616,3/6/2023,y,0.0,0,1.0,,0.0,100.0,Fix+,FixPlus,100.0,0.0,MixTwo,Mixed
PS317,1,Single,1800,Red,1800,0,0.763106153,PS317_Red_1,G12,sat,Domesticated,S6,Fix+,LN,50%,B6,P17,0.61070834,,0.638,3/6/2023,n,0.0,1,1.0,,0.0,100.0,Fix+,FixPlus,100.0,0.0,FixPlus,Fix+
PS317,32,Single,852,Green,0,852,0.319370158,PS317_Green_32,G12,sat,Domesticated,S6,Fix+,LN,50%,B6,P17,0.61070834,,0.638,3/6/2023,n,0.0,1,1.0,,100.0,0.0,Fix+,FixPlus,100.0,0.0,FixPlus,Fix+
PS318,1,Single,409,Red,409,0,0.899316978,PS318_Red_1,G5,sat,Domesticated,S6,Fix-,HN,50%,B6,P18,0.689263677,,0.7642,3/6/2023,n,0.0,1,1.0,,0.0,100.0,Fix-,FixMinus,0.0,100.0,FixMinus,Fix-
PS318,43,Single,676,Green,0,676,0.803666463,PS318_Green_43,G5,sat,Domesticated,S6,Fix-,HN,50%,B6,P18,0.689263677,,0.7642,3/6/2023,n,0.0,1,1.0,,100.0,0.0,Fix-,FixMinus,0.0,100.0,FixMinus,Fix-
PS322,2,Single,755,Red,755,0,0.83161701,PS322_Red_2,G24,sat,Domesticated,S6,Mix2,LN,50%,B6,P22,0.862750826,,0.5784,3/6/2023,n,0.0,1,1.0,,0.0,100.0,Fix+,FixPlus,100.0,0.0,MixTwo,Mixed
PS322,69,Single,649,Green,0,649,0.847744082,PS322_Green_69,G24,sat,Domesticated,S6,Mix2,LN,50%,B6,P22,0.862750826,,0.5784,3/6/2023,n,0.0,1,1.0,,100.0,0.0,Fix-,FixMinus,0.0,100.0,MixTwo,Mixed
PS325,1,Single,1364,Red,1364,0,0.898421908,PS325_Red_1,G17,sat,Domesticated,S6,Mix1,HN,50%,B6,P25,0.821098209,,0.7175,3/6/2023,n,0.0,1,1.0,,0.0,100.0,Fix-,FixMinus,0.0,100.0,MixOne,Mixed
PS325,38,Single,392,Green,0,392,0.861937055,PS325_Green_38,G17,sat,Domesticated,S6,Mix1,HN,50%,B6,P25,0.821098209,,0.7175,3/6/2023,n,0.0,1,1.0,,100.0,0.0,Fix+,FixPlus,100.0,0.0,MixOne,Mixed
PS326,1,Single,2182,Red,2182,0,0.78416031,PS326_Red_1,G14,elat,Wild,E6,Mix1,LN,50%,B6,P26,0.636095283,,0.2118,3/6/2023,n,0.0,0,1.0,,0.0,100.0,Fix-,FixMinus,0.0,100.0,MixOne,Mixed
PS326,45,Single,1847,Green,0,1847,0.795119654,PS326_Green_45,G14,elat,Wild,E6,Mix1,LN,50%,B6,P26,0.636095283,,0.2118,3/6/2023,n,0.0,0,1.0,,100.0,0.0,Fix+,FixPlus,100.0,0.0,MixOne,Mixed
PS328,1,Single,2956,Red,2956,0,0.836781924,PS328_Red_1,G2,elat,Wild,E6,Fix-,LN,50%,B6,P28,0.89493224,,0.1466,3/6/2023,n,0.0,0,1.0,,0.0,100.0,Fix-,FixMinus,0.0,100.0,FixMinus,Fix-
PS328,23,Single,1901,Green,0,1901,0.810487449,PS328_Green_23,G2,elat,Wild,E6,Fix-,LN,50%,B6,P28,0.89493224,,0.1466,3/6/2023,n,0.0,0,1.0,,100.0,0.0,Fix-,FixMinus,0.0,100.0,FixMinus,Fix-
PS330,1,Single,3359,Red,3359,0,0.572370312,PS330_Red_1,G8,elat,Wild,E6,Fix+,LN,50%,B6,P30,0.039209275,,0.1783,3/6/2023,n,0.0,0,1.0,,0.0,100.0,Fix+,FixPlus,100.0,0.0,FixPlus,Fix+
PS330,29,Single,3016,Green,0,3016,0.725296557,PS330_Green_29,G8,elat,Wild,E6,Fix+,LN,50%,B6,P30,0.039209275,,0.1783,3/6/2023,n,0.0,0,1.0,,100.0,0.0,Fix+,FixPlus,100.0,0.0,FixPlus,Fix+
PS331,1,Single,3074,Red,3074,0,0.532169146,PS331_Red_1,G10,ful,Wild,F6,Fix+,LN,NS,B6,P31,0.701771692,,0.2059,2/10/2023,n,0.0,1,1.0,,0.0,100.0,Fix+,FixPlus,100.0,0.0,FixPlus,Fix+
PS332,1,Single,1942,Red,1942,0,0.785447079,PS332_Red_1,G1,elat,Wild,E6,Fix-,HN,NS,B6,P32,0.577671255,,0.1353,2/10/2023,n,0.0,0,1.0,,0.0,100.0,Fix-,FixMinus,0.0,100.0,FixMinus,Fix-
PS332,16,Single,3224,Green,0,3224,0.778619373,PS332_Green_16,G1,elat,Wild,E6,Fix-,HN,NS,B6,P32,0.577671255,,0.1353,2/10/2023,n,0.0,0,1.0,,100.0,0.0,Fix-,FixMinus,0.0,100.0,FixMinus,Fix-
PS333,1,Single,4945,Red,4945,0,0.866702716,PS333_Red_1,G20,elat,Wild,E6,Mix2,LN,NS,B6,P33,0.578766385,,0.2434,2/10/2023,y,0.0,0,1.0,,0.0,100.0,Fix+,FixPlus,100.0,0.0,MixTwo,Mixed
PS333,28,Single,3418,Green,0,3418,0.655871593,PS333_Green_28,G20,elat,Wild,E6,Mix2,LN,NS,B6,P33,0.578766385,,0.2434,2/10/2023,y,0.0,0,1.0,,100.0,0.0,Fix-,FixMinus,0.0,100.0,MixTwo,Mixed
PS334,1,Single,1458,Red,1458,0,0.702995624,PS334_Red_1,G14,elat,Wild,E6,Mix1,LN,NS,B6,P34,0.674117853,,0.1627,2/10/2023,n,0.0,0,2.0,,0.0,100.0,Fix-,FixMinus,0.0,100.0,MixOne,Mixed
PS334,25,Single,8699,Green,0,8699,0.655939762,PS334_Green_25,G14,elat,Wild,E6,Mix1,LN,NS,B6,P34,0.674117853,,0.1627,2/10/2023,n,0.0,0,2.0,,100.0,0.0,Fix+,FixPlus,100.0,0.0,MixOne,Mixed
PS335,1,Single,2722,Red,2722,0,0.871922827,PS335_Red_1,G8,elat,Wild,E6,Fix+,LN,NS,B6,P35,0.661297338,,0.2138,2/10/2023,n,0.0,0,1.0,,0.0,100.0,Fix+,FixPlus,100.0,0.0,FixPlus,Fix+
PS335,23,Single,2460,Green,0,2460,0.549998735,PS335_Green_23,G8,elat,Wild,E6,Fix+,LN,NS,B6,P35,0.661297338,,0.2138,2/10/2023,n,0.0,0,1.0,,100.0,0.0,Fix+,FixPlus,100.0,0.0,FixPlus,Fix+
PS336,1,Single,1045,Red,1045,0,0.788468595,PS336_Red_1,G18,sat,Domesticated,S6,Mix1,LN,NS,B6,P36,0.188289716,,0.6969,2/10/2023,y,0.0,2,1.0,,0.0,100.0,Fix-,FixMinus,0.0,100.0,MixOne,Mixed
PS336,122,Single,5628,Green,0,5628,0.676965554,PS336_Green_122,G18,sat,Domesticated,S6,Mix1,LN,NS,B6,P36,0.188289716,,0.6969,2/10/2023,y,0.0,2,1.0,,100.0,0.0,Fix+,FixPlus,100.0,0.0,MixOne,Mixed
PS338,1,Single,2668,Green,0,2668,0.861819496,PS338_Green_1,G3,ful,Wild,F6,Fix-,HN,NS,B6,P38,0.781264546,,0.2634,2/10/2023,n,0.0,2,1.0,,100.0,0.0,Fix-,FixMinus,0.0,100.0,FixMinus,Fix-
PS340,1,Single,2385,Red,2385,0,0.393302407,PS340_Red_1,G24,sat,Domesticated,S6,Mix2,LN,NS,B6,P40,0.434215241,,0.492,2/10/2023,n,2.0,0,1.0,,0.0,100.0,Fix+,FixPlus,100.0,0.0,MixTwo,Mixed
PS340,36,Single,357,Green,0,357,0.779963583,PS340_Green_36,G24,sat,Domesticated,S6,Mix2,LN,NS,B6,P40,0.434215241,,0.492,2/10/2023,n,2.0,0,1.0,,100.0,0.0,Fix-,FixMinus,0.0,100.0,MixTwo,Mixed
PS341,2,Single,664,Red,664,0,0.863062142,PS341_Red_2,G23,sat,Domesticated,S6,Mix2,HN,NS,B6,P41,0.011786068,,0.9942,2/10/2023,n,0.0,2,1.0,,0.0,100.0,Fix+,FixPlus,100.0,0.0,MixTwo,Mixed
PS341,42,Single,911,Green,0,911,0.838995043,PS341_Green_42,G23,sat,Domesticated,S6,Mix2,HN,NS,B6,P41,0.011786068,,0.9942,2/10/2023,n,0.0,2,1.0,,100.0,0.0,Fix-,FixMinus,0.0,100.0,MixTwo,Mixed
PS344,1,Single,1178,Red,1178,0,0.805797519,PS344_Red_1,G9,ful,Wild,F6,Fix+,HN,NS,B6,P44,0.373730384,,0.0684,2/10/2023,n,0.0,1,1.0,,0.0,100.0,Fix+,FixPlus,100.0,0.0,FixPlus,Fix+
PS344,5,Single,1504,Green,0,1504,0.850215257,PS344_Green_5,G9,ful,Wild,F6,Fix+,HN,NS,B6,P44,0.373730384,,0.0684,2/10/2023,n,0.0,1,1.0,,100.0,0.0,Fix+,FixPlus,100.0,0.0,FixPlus,Fix+
PS345,1,Single,1162,Red,1162,0,0.897695939,PS345_Red_1,G19,elat,Wild,E6,Mix2,HN,NS,B6,P45,0.292555207,,0.3378,2/10/2023,y,0.0,0,1.0,droped envelope with sample in on floor. Envelope was closed.,0.0,100.0,Fix+,FixPlus,100.0,0.0,MixTwo,Mixed
PS345,35,Single,2381,Green,0,2381,0.427568874,PS345_Green_35,G19,elat,Wild,E6,Mix2,HN,NS,B6,P45,0.292555207,,0.3378,2/10/2023,y,0.0,0,1.0,droped envelope with sample in on floor. Envelope was closed.,100.0,0.0,Fix-,FixMinus,0.0,100.0,MixTwo,Mixed
PS346,1,Single,6457,Red,6457,0,0.447138482,PS346_Red_1,G7,elat,Wild,E6,Fix+,HN,NS,B6,P46,0.869360143,,0.2871,2/10/2023,n,0.0,0,1.0,,0.0,100.0,Fix+,FixPlus,100.0,0.0,FixPlus,Fix+
PS346,17,Single,321,Green,0,321,0.479287754,PS346_Green_17,G7,elat,Wild,E6,Fix+,HN,NS,B6,P46,0.869360143,,0.2871,2/10/2023,n,0.0,0,1.0,,100.0,0.0,Fix+,FixPlus,100.0,0.0,FixPlus,Fix+
PS350,1,Single,5652,Red,5652,0,0.739801635,PS350_Red_1,G2,elat,Wild,E6,Fix-,LN,NS,B6,P50,0.186784797,,0.1431,2/10/2023,n,0.0,0,1.0,,0.0,100.0,Fix-,FixMinus,0.0,100.0,FixMinus,Fix-
PS350,16,Single,571,Green,0,571,0.735528997,PS350_Green_16,G2,elat,Wild,E6,Fix-,LN,NS,B6,P50,0.186784797,,0.1431,2/10/2023,n,0.0,0,1.0,,100.0,0.0,Fix-,FixMinus,0.0,100.0,FixMinus,Fix-
PS351,1,Single,3017,Red,3017,0,0.836481842,PS351_Red_1,G22,ful,Wild,F6,Mix2,LN,NS,B6,P51,0.793026079,,0.2261,2/10/2023,y,0.0,2,1.0,,0.0,100.0,Fix+,FixPlus,100.0,0.0,MixTwo,Mixed
PS352,1,Single,4984,Red,4984,0,0.614233277,PS352_Red_1,G13,elat,Wild,E6,Mix1,HN,NS,B6,P52,0.523433534,,0.3984,2/10/2023,y,0.0,0,1.0,,0.0,100.0,Fix-,FixMinus,0.0,100.0,MixOne,Mixed
PS352,26,Single,2403,Green,0,2403,0.862655037,PS352_Green_26,G13,elat,Wild,E6,Mix1,HN,NS,B6,P52,0.523433534,,0.3984,2/10/2023,y,0.0,0,1.0,,100.0,0.0,Fix+,FixPlus,100.0,0.0,MixOne,Mixed
PS353,1,Single,511,Red,511,0,0.787056938,PS353_Red_1,G12,sat,Domesticated,S6,Fix+,LN,NS,B6,P53,0.014365915,,0.7795,2/10/2023,n,1.0,1,1.0,,0.0,100.0,Fix+,FixPlus,100.0,0.0,FixPlus,Fix+
PS353,100,Single,400,Green,0,400,0.800236459,PS353_Green_100,G12,sat,Domesticated,S6,Fix+,LN,NS,B6,P53,0.014365915,,0.7795,2/10/2023,n,1.0,1,1.0,,100.0,0.0,Fix+,FixPlus,100.0,0.0,FixPlus,Fix+
PS354,1,Single,826,Red,826,0,0.867319933,PS354_Red_1,G5,sat,Domesticated,S6,Fix-,HN,NS,B6,P54,0.709682622,,0.8481,2/10/2023,y,0.0,1,1.0,,0.0,100.0,Fix-,FixMinus,0.0,100.0,FixMinus,Fix-
PS354,52,Single,413,Green,0,413,0.894200769,PS354_Green_52,G5,sat,Domesticated,S6,Fix-,HN,NS,B6,P54,0.709682622,,0.8481,2/10/2023,y,0.0,1,1.0,,100.0,0.0,Fix-,FixMinus,0.0,100.0,FixMinus,Fix-
PS355,1,Single,609,Red,609,0,0.864574519,PS355_Red_1,G21,ful,Wild,F6,Mix2,HN,NS,B6,P55,0.696430566,,0.29,2/10/2023,n,0.0,1,2.0,,0.0,100.0,Fix+,FixPlus,100.0,0.0,MixTwo,Mixed
PS356,1,Single,652,Red,652,0,0.887486979,PS356_Red_1,G11,sat,Domesticated,S6,Fix+,HN,NS,B6,P56,0.504694452,,0.8664,2/10/2023,y,0.0,1,1.0,,0.0,100.0,Fix+,FixPlus,100.0,0.0,FixPlus,Fix+
PS356,70,Single,724,Green,0,724,0.903903953,PS356_Green_70,G11,sat,Domesticated,S6,Fix+,HN,NS,B6,P56,0.504694452,,0.8664,2/10/2023,y,0.0,1,1.0,,100.0,0.0,Fix+,FixPlus,100.0,0.0,FixPlus,Fix+
PS358,1,Single,2545,Red,2545,0,0.886621984,PS358_Red_1,G17,sat,Domesticated,S6,Mix1,HN,NS,B6,P58,0.524849186,,1.0178,2/10/2023,y,0.0,2,1.0,,0.0,100.0,Fix-,FixMinus,0.0,100.0,MixOne,Mixed
PS358,34,Single,1478,Green,0,1478,0.566069231,PS358_Green_34,G17,sat,Domesticated,S6,Mix1,HN,NS,B6,P58,0.524849186,,1.0178,2/10/2023,y,0.0,2,1.0,,100.0,0.0,Fix+,FixPlus,100.0,0.0,MixOne,Mixed
PS360,1,Single,1461,Red,1461,0,0.828602011,PS360_Red_1,G6,sat,Domesticated,S6,Fix-,LN,NS,B6,P60,0.956664383,,0.4791,2/10/2023,n,0.0,0,1.0,,0.0,100.0,Fix-,FixMinus,0.0,100.0,FixMinus,Fix-
PS360,55,Single,1160,Green,0,1160,0.8073822,PS360_Green_55,G6,sat,Domesticated,S6,Fix-,LN,NS,B6,P60,0.956664383,,0.4791,2/10/2023,n,0.0,0,1.0,,100.0,0.0,Fix-,FixMinus,0.0,100.0,FixMinus,Fix-
PS362,1,Single,2532,Red,2532,0,0.877602553,PS362_Red_1,G18,sat,Domesticated,S7,Mix1,LN,50%,B7,P2,0.47600401,,0.314,12/16/2022,y,2.0,0,2.0,,0.0,100.0,Fix-,FixMinus,0.0,100.0,MixOne,Mixed
PS362,24,Single,5395,Green,0,5395,0.68633521,PS362_Green_24,G18,sat,Domesticated,S7,Mix1,LN,50%,B7,P2,0.47600401,,0.314,12/16/2022,y,2.0,0,2.0,,100.0,0.0,Fix+,FixPlus,100.0,0.0,MixOne,Mixed
PS363,1,Single,5654,Red,5654,0,0.734695126,PS363_Red_1,G8,elat,Wild,E7,Fix+,LN,50%,B7,P3,0.038197699,,0.2117,12/16/2022,n,0.0,0,1.0,,0.0,100.0,Fix+,FixPlus,100.0,0.0,FixPlus,Fix+
PS363,25,Single,4759,Green,0,4759,0.664081456,PS363_Green_25,G8,elat,Wild,E7,Fix+,LN,50%,B7,P3,0.038197699,,0.2117,12/16/2022,n,0.0,0,1.0,,100.0,0.0,Fix+,FixPlus,100.0,0.0,FixPlus,Fix+
PS365,1,Single,2460,Red,2460,0,0.677409882,PS365_Red_1,G13,elat,Wild,E7,Mix1,HN,50%,B7,P5,0.33349564,,0.284,12/16/2022,n,0.0,0,1.0,,0.0,100.0,Fix-,FixMinus,0.0,100.0,MixOne,Mixed
PS365,15,Single,11730,Green,0,11730,0.671686585,PS365_Green_15,G13,elat,Wild,E7,Mix1,HN,50%,B7,P5,0.33349564,,0.284,12/16/2022,n,0.0,0,1.0,,100.0,0.0,Fix+,FixPlus,100.0,0.0,MixOne,Mixed
PS368,1,Single,958,Red,958,0,0.907851542,PS368_Red_1,G20,elat,Wild,E7,Mix2,LN,50%,B7,P8,0.441839227,,0.191,12/16/2022,n,0.0,0,1.0,,0.0,100.0,Fix+,FixPlus,100.0,0.0,MixTwo,Mixed
PS368,16,Single,3371,Green,0,3371,0.862464923,PS368_Green_16,G20,elat,Wild,E7,Mix2,LN,50%,B7,P8,0.441839227,,0.191,12/16/2022,n,0.0,0,1.0,,100.0,0.0,Fix-,FixMinus,0.0,100.0,MixTwo,Mixed
PS369,1,Single,3012,Red,3012,0,0.817775833,PS369_Red_1,G19,elat,Wild,E7,Mix2,HN,50%,B7,P9,0.870761714,,0.3259,12/16/2022,n,0.0,0,1.0,,0.0,100.0,Fix+,FixPlus,100.0,0.0,MixTwo,Mixed
PS370,1,Single,1514,Green,0,1514,0.75395585,PS370_Green_1,G10,ful,Wild,F7,Fix+,LN,50%,B7,P10,0.402401319,,0.1758,12/16/2022,n,1.0,1,1.0,,100.0,0.0,Fix+,FixPlus,100.0,0.0,FixPlus,Fix+
PS371,1,Single,1527,Red,1527,0,0.888566844,PS371_Red_1,G23,sat,Domesticated,S7,Mix2,HN,50%,B7,P11,0.390340394,,0.6585,12/16/2022,y,0.0,1,1.0,,0.0,100.0,Fix+,FixPlus,100.0,0.0,MixTwo,Mixed
PS371,18,Single,1417,Green,0,1417,0.881534718,PS371_Green_18,G23,sat,Domesticated,S7,Mix2,HN,50%,B7,P11,0.390340394,,0.6585,12/16/2022,y,0.0,1,1.0,,100.0,0.0,Fix-,FixMinus,0.0,100.0,MixTwo,Mixed
PS372,1,Single,2194,Red,2194,0,0.866592406,PS372_Red_1,G7,elat,Wild,E7,Fix+,HN,50%,B7,P12,0.806278098,,0.2507,12/16/2022,n,0.0,0,1.0,,0.0,100.0,Fix+,FixPlus,100.0,0.0,FixPlus,Fix+
PS372,14,Single,8476,Green,0,8476,0.663458467,PS372_Green_14,G7,elat,Wild,E7,Fix+,HN,50%,B7,P12,0.806278098,,0.2507,12/16/2022,n,0.0,0,1.0,,100.0,0.0,Fix+,FixPlus,100.0,0.0,FixPlus,Fix+
PS373,1,Single,344,Red,344,0,0.929835952,PS373_Red_1,G12,sat,Domesticated,S7,Fix+,LN,50%,B7,P13,0.770480562,,0.3626,12/16/2022,n,0.0,1,1.0,,0.0,100.0,Fix+,FixPlus,100.0,0.0,FixPlus,Fix+
PS373,24,Single,725,Green,0,725,0.85218179,PS373_Green_24,G12,sat,Domesticated,S7,Fix+,LN,50%,B7,P13,0.770480562,,0.3626,12/16/2022,n,0.0,1,1.0,,100.0,0.0,Fix+,FixPlus,100.0,0.0,FixPlus,Fix+
PS374,1,Single,918,Red,918,0,0.923919885,PS374_Red_1,G2,elat,Wild,E7,Fix-,LN,50%,B7,P14,0.389057483,,0.1545,12/16/2022,y,0.0,0,1.0,,0.0,100.0,Fix-,FixMinus,0.0,100.0,FixMinus,Fix-
PS374,11,Single,996,Green,0,996,0.917276689,PS374_Green_11,G2,elat,Wild,E7,Fix-,LN,50%,B7,P14,0.389057483,,0.1545,12/16/2022,y,0.0,0,1.0,,100.0,0.0,Fix-,FixMinus,0.0,100.0,FixMinus,Fix-
PS375,1,Single,2781,Red,2781,0,0.810704493,PS375_Red_1,G3,ful,Wild,F7,Fix-,HN,50%,B7,P15,0.063955708,,0.1196,12/16/2022,n,0.0,0,1.0,,0.0,100.0,Fix-,FixMinus,0.0,100.0,FixMinus,Fix-
PS377,1,Single,2246,Red,2246,0,0.651954531,PS377_Red_1,G17,sat,Domesticated,S7,Mix1,HN,50%,B7,P17,0.358604525,,0.5522,12/16/2022,n,0.0,1,1.0,,0.0,100.0,Fix-,FixMinus,0.0,100.0,MixOne,Mixed
PS377,14,Single,1000,Green,0,1000,0.812448478,PS377_Green_14,G17,sat,Domesticated,S7,Mix1,HN,50%,B7,P17,0.358604525,,0.5522,12/16/2022,n,0.0,1,1.0,,100.0,0.0,Fix+,FixPlus,100.0,0.0,MixOne,Mixed
PS379,3,Single,5295,Red,5295,0,0.655446245,PS379_Red_3,G14,elat,Wild,E7,Mix1,LN,50%,B7,P19,0.847750688,,0.3757,12/16/2022,n,0.0,0,1.0,,0.0,100.0,Fix-,FixMinus,0.0,100.0,MixOne,Mixed
PS379,23,Single,6395,Green,0,6395,0.474706596,PS379_Green_23,G14,elat,Wild,E7,Mix1,LN,50%,B7,P19,0.847750688,,0.3757,12/16/2022,n,0.0,0,1.0,,100.0,0.0,Fix+,FixPlus,100.0,0.0,MixOne,Mixed
PS381,1,Single,372,Red,372,0,0.909353721,PS381_Red_1,G5,sat,Domesticated,S7,Fix-,HN,50%,B7,P21,0.737480348,,0.6567,12/16/2022,n,0.0,2,1.0,note: looks like sand on sample,0.0,100.0,Fix-,FixMinus,0.0,100.0,FixMinus,Fix-
PS381,35,Single,868,Green,0,868,0.827487047,PS381_Green_35,G5,sat,Domesticated,S7,Fix-,HN,50%,B7,P21,0.737480348,,0.6567,12/16/2022,n,0.0,2,1.0,note: looks like sand on sample,100.0,0.0,Fix-,FixMinus,0.0,100.0,FixMinus,Fix-
PS386,1,Single,1091,Red,1091,0,0.889850092,PS386_Red_1,G6,sat,Domesticated,S7,Fix-,LN,50%,B7,P26,0.627004314,,0.3098,12/16/2022,n,0.0,1,1.0,,0.0,100.0,Fix-,FixMinus,0.0,100.0,FixMinus,Fix-
PS386,19,Single,738,Green,0,738,0.869852148,PS386_Green_19,G6,sat,Domesticated,S7,Fix-,LN,50%,B7,P26,0.627004314,,0.3098,12/16/2022,n,0.0,1,1.0,,100.0,0.0,Fix-,FixMinus,0.0,100.0,FixMinus,Fix-
PS387,1,Single,2816,Red,2816,0,0.791230397,PS387_Red_1,G24,sat,Domesticated,S7,Mix2,LN,50%,B7,P27,0.442994875,,0.3037,12/16/2022,y,0.0,1,1.0,,0.0,100.0,Fix+,FixPlus,100.0,0.0,MixTwo,Mixed
PS387,8,Single,793,Green,0,793,0.727297074,PS387_Green_8,G24,sat,Domesticated,S7,Mix2,LN,50%,B7,P27,0.442994875,,0.3037,12/16/2022,y,0.0,1,1.0,,100.0,0.0,Fix-,FixMinus,0.0,100.0,MixTwo,Mixed
PS389,1,Single,535,Red,535,0,0.866516577,PS389_Red_1,G11,sat,Domesticated,S7,Fix+,HN,50%,B7,P29,0.690181225,,0.4951,12/16/2022,n,0.0,1,1.0,,0.0,100.0,Fix+,FixPlus,100.0,0.0,FixPlus,Fix+
PS389,33,Single,1246,Green,0,1246,0.892289335,PS389_Green_33,G11,sat,Domesticated,S7,Fix+,HN,50%,B7,P29,0.690181225,,0.4951,12/16/2022,n,0.0,1,1.0,,100.0,0.0,Fix+,FixPlus,100.0,0.0,FixPlus,Fix+
PS390,2,Single,634,Red,634,0,0.496218203,PS390_Red_2,G1,elat,Wild,E7,Fix-,HN,50%,B7,P30,0.603844239,,0.3642,12/16/2022,y,0.0,0,1.0,,0.0,100.0,Fix-,FixMinus,0.0,100.0,FixMinus,Fix-
PS390,7,Single,6599,Green,0,6599,0.675108315,PS390_Green_7,G1,elat,Wild,E7,Fix-,HN,50%,B7,P30,0.603844239,,0.3642,12/16/2022,y,0.0,0,1.0,,100.0,0.0,Fix-,FixMinus,0.0,100.0,FixMinus,Fix-
PS392,1,Single,953,Red,953,0,0.749949042,PS392_Red_1,G6,sat,Domesticated,S7,Fix-,LN,NS,B7,P32,0.160350014,,0.4004,1/11/2023,n,0.0,1,1.0,,0.0,100.0,Fix-,FixMinus,0.0,100.0,FixMinus,Fix-
PS392,34,Single,489,Green,0,489,0.761330517,PS392_Green_34,G6,sat,Domesticated,S7,Fix-,LN,NS,B7,P32,0.160350014,,0.4004,1/11/2023,n,0.0,1,1.0,,100.0,0.0,Fix-,FixMinus,0.0,100.0,FixMinus,Fix-
PS394,2,Single,7070,Red,7070,0,0.735287093,PS394_Red_2,G13,elat,Wild,E7,Mix1,HN,NS,B7,P34,0.292769997,,0.3758,1/11/2023,y,0.0,0,1.0,,0.0,100.0,Fix-,FixMinus,0.0,100.0,MixOne,Mixed
PS394,30,Single,2756,Green,0,2756,0.723466627,PS394_Green_30,G13,elat,Wild,E7,Mix1,HN,NS,B7,P34,0.292769997,,0.3758,1/11/2023,y,0.0,0,1.0,,100.0,0.0,Fix+,FixPlus,100.0,0.0,MixOne,Mixed
PS396,1,Single,1401,Red,1401,0,0.862721063,PS396_Red_1,G11,sat,Domesticated,S7,Fix+,HN,NS,B7,P36,0.293731578,,0.7744,1/11/2023,n,0.0,1,1.0,,0.0,100.0,Fix+,FixPlus,100.0,0.0,FixPlus,Fix+
PS396,17,Single,2727,Green,0,2727,0.388178693,PS396_Green_17,G11,sat,Domesticated,S7,Fix+,HN,NS,B7,P36,0.293731578,,0.7744,1/11/2023,n,0.0,1,1.0,,100.0,0.0,Fix+,FixPlus,100.0,0.0,FixPlus,Fix+
PS397,1,Single,10360,Red,10360,0,0.598242058,PS397_Red_1,G14,elat,Wild,E7,Mix1,LN,NS,B7,P37,0.239826596,,0.3064,1/11/2023,n,0.0,0,1.0,,0.0,100.0,Fix-,FixMinus,0.0,100.0,MixOne,Mixed
PS397,15,Single,5425,Green,0,5425,0.64032184,PS397_Green_15,G14,elat,Wild,E7,Mix1,LN,NS,B7,P37,0.239826596,,0.3064,1/11/2023,n,0.0,0,1.0,,100.0,0.0,Fix+,FixPlus,100.0,0.0,MixOne,Mixed
PS398,1,Single,2177,Red,2177,0,0.837337588,PS398_Red_1,G8,elat,Wild,E7,Fix+,LN,NS,B7,P38,0.238446407,,0.3245,1/11/2023,n,0.0,0,1.0,,0.0,100.0,Fix+,FixPlus,100.0,0.0,FixPlus,Fix+
PS398,12,Single,5513,Green,0,5513,0.686968335,PS398_Green_12,G8,elat,Wild,E7,Fix+,LN,NS,B7,P38,0.238446407,,0.3245,1/11/2023,n,0.0,0,1.0,,100.0,0.0,Fix+,FixPlus,100.0,0.0,FixPlus,Fix+
PS399,1,Single,6600,Red,6600,0,0.70231074,PS399_Red_1,G2,elat,Wild,E7,Fix-,LN,NS,B7,P39,0.656884208,,0.1751,1/11/2023,n,0.0,0,1.0,,0.0,100.0,Fix-,FixMinus,0.0,100.0,FixMinus,Fix-
PS399,7,Single,5749,Green,0,5749,0.682444328,PS399_Green_7,G2,elat,Wild,E7,Fix-,LN,NS,B7,P39,0.656884208,,0.1751,1/11/2023,n,0.0,0,1.0,,100.0,0.0,Fix-,FixMinus,0.0,100.0,FixMinus,Fix-
PS400,1,Single,3979,Red,3979,0,0.889170098,PS400_Red_1,G19,elat,Wild,E7,Mix2,HN,NS,B7,P40,0.967754093,,0.4877,1/11/2023,n,0.0,0,1.0,,0.0,100.0,Fix+,FixPlus,100.0,0.0,MixTwo,Mixed
PS400,19,Single,718,Green,0,718,0.392166563,PS400_Green_19,G19,elat,Wild,E7,Mix2,HN,NS,B7,P40,0.967754093,,0.4877,1/11/2023,n,0.0,0,1.0,,100.0,0.0,Fix-,FixMinus,0.0,100.0,MixTwo,Mixed
PS401,1,Single,1945,Red,1945,0,0.814805511,PS401_Red_1,G12,sat,Domesticated,S7,Fix+,LN,NS,B7,P41,0.302805421,,0.4451,1/11/2023,y,0.0,2,1.0,,0.0,100.0,Fix+,FixPlus,100.0,0.0,FixPlus,Fix+
PS401,6,Single,629,Green,0,629,0.847596503,PS401_Green_6,G12,sat,Domesticated,S7,Fix+,LN,NS,B7,P41,0.302805421,,0.4451,1/11/2023,y,0.0,2,1.0,,100.0,0.0,Fix+,FixPlus,100.0,0.0,FixPlus,Fix+
PS402,1,Single,1270,Red,1270,0,0.901485746,PS402_Red_1,G20,elat,Wild,E7,Mix2,LN,NS,B7,P42,0.831316993,,0.3847,1/11/2023,n,0.0,0,1.0,,0.0,100.0,Fix+,FixPlus,100.0,0.0,MixTwo,Mixed
PS402,38,Single,3284,Green,0,3284,0.83578204,PS402_Green_38,G20,elat,Wild,E7,Mix2,LN,NS,B7,P42,0.831316993,,0.3847,1/11/2023,n,0.0,0,1.0,,100.0,0.0,Fix-,FixMinus,0.0,100.0,MixTwo,Mixed
PS404,1,Single,3191,Red,3191,0,0.672153236,PS404_Red_1,G7,elat,Wild,E7,Fix+,HN,NS,B7,P44,0.112584297,,0.2172,1/11/2023,n,0.0,0,1.0,,0.0,100.0,Fix+,FixPlus,100.0,0.0,FixPlus,Fix+
PS404,19,Single,1647,Green,0,1647,0.84123791,PS404_Green_19,G7,elat,Wild,E7,Fix+,HN,NS,B7,P44,0.112584297,,0.2172,1/11/2023,n,0.0,0,1.0,,100.0,0.0,Fix+,FixPlus,100.0,0.0,FixPlus,Fix+
PS405,1,Single,1296,Red,1296,0,0.908591886,PS405_Red_1,G5,sat,Domesticated,S7,Fix-,HN,NS,B7,P45,0.705146236,,0.5767,1/11/2023,n,0.0,1,1.0,,0.0,100.0,Fix-,FixMinus,0.0,100.0,FixMinus,Fix-
PS405,40,Single,1048,Green,0,1048,0.786543842,PS405_Green_40,G5,sat,Domesticated,S7,Fix-,HN,NS,B7,P45,0.705146236,,0.5767,1/11/2023,n,0.0,1,1.0,,100.0,0.0,Fix-,FixMinus,0.0,100.0,FixMinus,Fix-
PS406,1,Single,1384,Red,1384,0,0.85105469,PS406_Red_1,G17,sat,Domesticated,S7,Mix1,HN,NS,B7,P46,0.70226635,,0.6589,1/11/2023,n,0.0,1,1.0,,0.0,100.0,Fix-,FixMinus,0.0,100.0,MixOne,Mixed
PS406,46,Single,2631,Green,0,2631,0.73954084,PS406_Green_46,G17,sat,Domesticated,S7,Mix1,HN,NS,B7,P46,0.70226635,,0.6589,1/11/2023,n,0.0,1,1.0,,100.0,0.0,Fix+,FixPlus,100.0,0.0,MixOne,Mixed
PS408,2,Single,1931,Red,1931,0,0.687113038,PS408_Red_2,G23,sat,Domesticated,S7,Mix2,HN,NS,B7,P48,0.648178799,,0.8616,1/11/2023,n,0.0,1,1.0,,0.0,100.0,Fix+,FixPlus,100.0,0.0,MixTwo,Mixed
PS408,27,Single,2945,Green,0,2945,0.739780705,PS408_Green_27,G23,sat,Domesticated,S7,Mix2,HN,NS,B7,P48,0.648178799,,0.8616,1/11/2023,n,0.0,1,1.0,,100.0,0.0,Fix-,FixMinus,0.0,100.0,MixTwo,Mixed
PS411,1,Single,2199,Red,2199,0,0.619877754,PS411_Red_1,G4,ful,Wild,F7,Fix-,LN,NS,B7,P51,0.552757916,,0.1152,1/13/2023,n,0.0,0,1.0,,0.0,100.0,Fix-,FixMinus,0.0,100.0,FixMinus,Fix-
PS411,3,Single,3443,Green,0,3443,0.751101369,PS411_Green_3,G4,ful,Wild,F7,Fix-,LN,NS,B7,P51,0.552757916,,0.1152,1/13/2023,n,0.0,0,1.0,,100.0,0.0,Fix-,FixMinus,0.0,100.0,FixMinus,Fix-
PS413,1,Single,632,Red,632,0,0.881632406,PS413_Red_1,G18,sat,Domesticated,S7,Mix1,LN,NS,B7,P53,0.304890768,,0.4396,1/13/2023,y,0.0,1,1.0,,0.0,100.0,Fix-,FixMinus,0.0,100.0,MixOne,Mixed
PS413,50,Single,1298,Green,0,1298,0.69721504,PS413_Green_50,G18,sat,Domesticated,S7,Mix1,LN,NS,B7,P53,0.304890768,,0.4396,1/13/2023,y,0.0,1,1.0,,100.0,0.0,Fix+,FixPlus,100.0,0.0,MixOne,Mixed
PS415,1_1,Cluster,2288,Red,2288,0,0.539824044,PS415_Red_1_1,G10,ful,Wild,F7,Fix+,LN,NS,B7,P55,0.914712599,,0.1212,1/13/2023,y,0.0,1,1.0,,0.0,100.0,Fix+,FixPlus,100.0,0.0,FixPlus,Fix+
PS416,1,Single,2553,Red,2553,0,0.851847186,PS416_Red_1,G1,elat,Wild,E7,Fix-,HN,NS,B7,P56,0.203734947,,0.1565,1/13/2023,n,0.0,0,1.0,,0.0,100.0,Fix-,FixMinus,0.0,100.0,FixMinus,Fix-
PS416,17,Single,2770,Green,0,2770,0.877779314,PS416_Green_17,G1,elat,Wild,E7,Fix-,HN,NS,B7,P56,0.203734947,,0.1565,1/13/2023,n,0.0,0,1.0,,100.0,0.0,Fix-,FixMinus,0.0,100.0,FixMinus,Fix-
PS420,1,Single,2172,Red,2172,0,0.817229322,PS420_Red_1,G24,sat,Domesticated,S7,Mix2,LN,NS,B7,P60,0.530864805,,0.6677,1/13/2023,y,0.0,1,1.0,,0.0,100.0,Fix+,FixPlus,100.0,0.0,MixTwo,Mixed
PS420,36,Single,1078,Green,0,1078,0.896689857,PS420_Green_36,G24,sat,Domesticated,S7,Mix2,LN,NS,B7,P60,0.530864805,,0.6677,1/13/2023,y,0.0,1,1.0,,100.0,0.0,Fix-,FixMinus,0.0,100.0,MixTwo,Mixed
